cluster,x,y,embedding_method
0,4.6885357,6.217052,UMAP
1,3.6440182,5.9958153,UMAP
2,0.47353363,5.5615077,UMAP
3,3.3951156,2.6373613,UMAP
4,4.50241,8.812442,UMAP
5,3.1419358,2.7772353,UMAP
6,-0.7068545,6.2794604,UMAP
7,3.231831,7.792489,UMAP
8,4.9543104,4.477504,UMAP
9,5.754694,8.934532,UMAP
10,5.025233,6.6024065,UMAP
11,5.256495,6.7789493,UMAP
12,3.3892431,4.933984,UMAP
13,4.6724286,2.3100386,UMAP
14,2.7771516,3.897912,UMAP
15,0.3765902,5.958698,UMAP
16,5.1993136,4.203325,UMAP
17,5.3360896,5.258219,UMAP
18,1.9474295,5.336784,UMAP
19,4.333366,4.1820164,UMAP
20,2.0569246,7.1833143,UMAP
21,4.625084,3.3826647,UMAP
22,6.2498527,8.095687,UMAP
23,-0.9735001,6.109501,UMAP
24,4.0594234,8.542299,UMAP
25,2.0487945,4.089464,UMAP
26,3.5152245,4.143355,UMAP
27,6.1922355,7.1445527,UMAP
28,3.379543,2.9000347,UMAP
29,4.451961,9.157907,UMAP
30,6.0271163,6.5219502,UMAP
31,4.807065,8.24046,UMAP
32,1.9128472,4.006638,UMAP
33,4.4196243,4.997754,UMAP
34,3.7638369,2.567071,UMAP
35,3.4515889,5.0613494,UMAP
36,5.510191,7.905664,UMAP
37,0.18644886,5.7192826,UMAP
38,5.9812665,5.7264543,UMAP
39,1.3997287,5.6621447,UMAP
40,2.6109664,2.48116,UMAP
41,-0.6212938,5.745377,UMAP
42,2.334059,4.38585,UMAP
43,-0.86064327,6.2750483,UMAP
44,1.7087497,6.08711,UMAP
45,2.6851852,3.3289766,UMAP
46,2.875494,7.570391,UMAP
47,4.5296483,8.7725935,UMAP
48,5.6257443,3.9521174,UMAP
49,3.3455472,7.6706004,UMAP
50,4.2766166,2.0549357,UMAP
51,5.303525,3.7732089,UMAP
52,4.7668414,3.429132,UMAP
53,5.0732155,3.5449274,UMAP
54,4.3438697,4.719998,UMAP
55,2.981519,2.0661066,UMAP
56,3.9517221,3.2970314,UMAP
57,3.5363207,8.888975,UMAP
58,-0.20245633,5.7229853,UMAP
59,2.0714848,5.0263786,UMAP
60,5.7182813,6.799758,UMAP
61,3.6091568,6.733155,UMAP
62,3.1202693,5.650205,UMAP
63,1.23233,5.0171695,UMAP
64,2.1583843,7.44661,UMAP
65,5.666546,8.537448,UMAP
66,4.767073,2.8377247,UMAP
67,4.5881286,8.080409,UMAP
68,4.2576976,7.100755,UMAP
69,4.7728033,2.6200292,UMAP
70,4.4860644,7.838067,UMAP
71,3.6934936,6.347931,UMAP
72,2.508454,2.9587078,UMAP
73,0.81052625,5.278912,UMAP
74,4.3676844,2.5259883,UMAP
75,3.976812,1.8313359,UMAP
76,1.8183429,5.177353,UMAP
77,-0.043184165,5.5166335,UMAP
78,3.5200438,1.8667525,UMAP
79,3.9839299,4.4175515,UMAP
80,2.1190872,7.298707,UMAP
81,3.1970758,7.1580505,UMAP
82,5.51607,4.9727745,UMAP
83,5.583662,6.0464735,UMAP
84,5.2204685,4.3149996,UMAP
85,0.96142507,5.7196827,UMAP
86,3.5756598,1.8584632,UMAP
87,1.2914679,4.912039,UMAP
88,4.8150663,8.22621,UMAP
89,5.0874324,6.894824,UMAP
90,2.1071436,5.197593,UMAP
91,5.373923,8.648297,UMAP
92,5.8583937,7.5565276,UMAP
93,5.9680915,8.783088,UMAP
94,5.5518837,6.8677278,UMAP
95,2.740117,2.7541907,UMAP
96,4.2244873,4.299921,UMAP
97,4.1298985,7.044492,UMAP
98,5.642704,4.1672297,UMAP
99,-0.5384249,6.090334,UMAP
100,1.6935734,6.4988594,UMAP
101,3.621106,2.6343982,UMAP
102,4.421938,4.039735,UMAP
103,4.425964,3.4679253,UMAP
104,1.5379939,5.048683,UMAP
105,3.8565974,6.9862423,UMAP
106,6.2489104,8.696079,UMAP
107,0.018573584,6.175654,UMAP
108,2.2122798,5.8435674,UMAP
109,5.482708,3.3516514,UMAP
110,3.6463683,4.11105,UMAP
111,3.1367607,5.571958,UMAP
112,-0.68746334,6.0069246,UMAP
113,5.061333,6.24084,UMAP
114,4.923474,5.586539,UMAP
115,2.8707097,8.492187,UMAP
116,5.7594957,4.4840264,UMAP
117,2.6277516,7.337092,UMAP
118,3.9180298,3.9598458,UMAP
119,4.9301887,3.0108545,UMAP
120,1.9312215,4.073402,UMAP
121,5.371975,4.678139,UMAP
122,3.4330294,8.537369,UMAP
123,2.8523421,5.551662,UMAP
124,4.031606,8.510475,UMAP
125,3.9239182,8.2735615,UMAP
126,0.5252429,5.580646,UMAP
127,5.1791635,9.067521,UMAP
128,5.578605,6.1991725,UMAP
129,5.8502927,8.969247,UMAP
130,-0.9977925,5.9491763,UMAP
131,4.901638,6.7626715,UMAP
132,3.5871816,4.3206277,UMAP
133,4.8152924,3.9955297,UMAP
134,4.418659,9.098023,UMAP
135,0.17091434,6.072884,UMAP
136,6.1023383,7.101003,UMAP
137,5.8143377,6.633614,UMAP
138,4.322403,3.5342891,UMAP
139,6.006546,7.422486,UMAP
140,2.9791744,4.442796,UMAP
141,1.3000005,6.2896285,UMAP
142,5.577566,5.2692842,UMAP
143,3.6456356,8.864764,UMAP
144,3.6092956,2.6813905,UMAP
145,0.57541996,5.073613,UMAP
146,5.7772965,5.222931,UMAP
147,1.1107382,4.8852453,UMAP
148,3.7181046,2.332495,UMAP
149,4.241297,7.3021636,UMAP
150,-0.7863111,6.3870344,UMAP
151,3.578479,6.0062566,UMAP
152,2.8887126,8.397441,UMAP
153,2.5505984,2.9981241,UMAP
154,2.1327903,4.274473,UMAP
155,3.0804782,4.2776613,UMAP
156,3.928014,8.35618,UMAP
157,4.7111144,4.1072364,UMAP
158,4.5150347,4.6161876,UMAP
159,3.0419202,6.921845,UMAP
160,4.410839,4.3690996,UMAP
161,-0.8027159,6.0399017,UMAP
162,1.4847744,4.453551,UMAP
163,2.0194068,7.016985,UMAP
164,4.314698,2.511549,UMAP
165,2.2259636,7.333635,UMAP
166,6.284906,7.2078657,UMAP
167,5.9582553,4.8994384,UMAP
168,5.1913705,7.3803644,UMAP
169,-0.21925233,5.4780955,UMAP
170,2.8926044,2.9128819,UMAP
171,5.565021,6.93185,UMAP
172,4.152121,3.8315415,UMAP
173,2.3526795,4.5286336,UMAP
174,-0.8255334,6.0588036,UMAP
175,-0.32361162,6.2277513,UMAP
176,3.9826884,8.048466,UMAP
177,-0.75316405,6.2814355,UMAP
178,3.335945,3.2920723,UMAP
179,1.3367518,6.3605547,UMAP
180,5.093867,6.162905,UMAP
181,2.5455527,8.023884,UMAP
182,-0.92052174,5.958394,UMAP
183,-1.0831538,6.1181808,UMAP
184,-0.104872376,5.595887,UMAP
185,5.8840256,4.598292,UMAP
186,1.2331095,5.703675,UMAP
187,6.1111207,8.727523,UMAP
188,4.7122025,8.449574,UMAP
189,6.530603,7.318274,UMAP
190,5.2791853,5.1929064,UMAP
191,5.96582,8.580303,UMAP
192,2.7289686,4.0737696,UMAP
193,2.575714,5.1969376,UMAP
194,3.820654,4.0441422,UMAP
195,5.8900995,8.142484,UMAP
196,5.6746387,8.092442,UMAP
197,2.0008614,4.732834,UMAP
198,2.567078,4.447912,UMAP
199,3.1239197,2.3579452,UMAP
200,-0.3339394,5.91156,UMAP
201,5.239156,4.94661,UMAP
202,4.52164,8.979715,UMAP
203,5.6499085,6.007728,UMAP
204,1.2651105,5.405982,UMAP
205,5.6627364,7.8667088,UMAP
206,0.2108001,5.9709263,UMAP
207,4.226971,6.3717365,UMAP
208,5.00015,4.9655666,UMAP
209,3.1634848,5.640167,UMAP
210,4.0811634,2.281822,UMAP
211,5.755206,3.5898511,UMAP
212,4.035181,3.1836326,UMAP
213,0.970162,6.021966,UMAP
214,5.5412817,4.674825,UMAP
215,4.972234,9.067901,UMAP
216,3.7361755,2.1610818,UMAP
217,3.0004332,7.4567237,UMAP
218,6.2964225,6.982914,UMAP
219,1.5782595,5.945278,UMAP
220,5.6960597,5.116336,UMAP
221,2.0652323,3.6853776,UMAP
222,4.9192495,3.4358196,UMAP
223,6.2139273,8.143977,UMAP
224,3.6533017,8.881168,UMAP
225,1.7460746,5.8997707,UMAP
226,5.197849,3.4400783,UMAP
227,6.3761263,8.306225,UMAP
228,5.874662,6.773639,UMAP
229,3.2692807,2.5749302,UMAP
230,2.8741088,4.4233055,UMAP
231,4.8417974,4.7376833,UMAP
232,0.64191407,5.893468,UMAP
233,0.79911816,5.226362,UMAP
234,5.193903,2.8613868,UMAP
235,3.2866693,7.373977,UMAP
236,-0.3049435,6.1729865,UMAP
237,0.3294959,5.5558624,UMAP
238,4.0283856,3.8869908,UMAP
239,4.2726073,8.8870945,UMAP
240,5.2054234,7.7169495,UMAP
241,2.5874357,4.3712606,UMAP
242,0.9375016,6.6009035,UMAP
243,5.448582,8.680591,UMAP
244,2.576581,7.0679975,UMAP
245,3.2406154,7.968821,UMAP
246,2.7348413,7.287027,UMAP
247,3.3424044,2.315139,UMAP
248,4.498746,4.401647,UMAP
249,6.4095182,7.2244167,UMAP
250,5.140383,8.068815,UMAP
251,2.0024385,5.070377,UMAP
252,3.5383396,7.9714546,UMAP
253,1.1209172,6.0958624,UMAP
254,2.2956524,7.6571403,UMAP
255,5.3867235,7.073432,UMAP
256,-0.75187826,5.7922363,UMAP
257,2.965883,3.1091535,UMAP
258,4.393612,2.5531785,UMAP
259,1.1036097,6.5356007,UMAP
260,5.3062916,3.6688998,UMAP
261,5.8416333,4.1507607,UMAP
262,5.746424,3.7213295,UMAP
263,2.6969206,8.203286,UMAP
264,-0.2145947,6.2814207,UMAP
265,5.9742775,8.880986,UMAP
266,5.2496715,8.109912,UMAP
267,4.092942,3.8974226,UMAP
268,5.0952306,8.883162,UMAP
269,3.9547749,8.73715,UMAP
270,5.3250036,6.0011873,UMAP
271,-0.5394458,5.6584034,UMAP
272,0.4863626,5.174772,UMAP
273,2.2306914,6.677122,UMAP
274,5.9059763,6.079897,UMAP
275,3.6610217,2.302938,UMAP
276,-0.13400729,5.3824944,UMAP
277,2.8556595,3.6563241,UMAP
278,0.433671,5.1592083,UMAP
279,2.7402706,6.741045,UMAP
280,3.4554405,5.018402,UMAP
281,-0.23752747,5.9166393,UMAP
282,5.349053,4.416605,UMAP
283,2.2528977,5.8451815,UMAP
284,4.4030786,7.187434,UMAP
285,0.893112,5.0723953,UMAP
286,-0.78819084,5.824902,UMAP
287,5.1919556,6.114796,UMAP
288,5.5753384,8.031028,UMAP
289,3.3238072,4.296912,UMAP
290,4.3069725,4.3187156,UMAP
291,-0.56589705,5.8562174,UMAP
292,6.485663,7.6286836,UMAP
293,3.2928863,1.8139374,UMAP
294,3.224994,8.594278,UMAP
295,3.27816,8.192984,UMAP
296,3.7829142,3.6045969,UMAP
297,5.707227,6.942499,UMAP
298,2.1584187,6.599209,UMAP
299,-0.7256948,6.1349955,UMAP
300,2.925501,5.0988235,UMAP
301,5.03296,2.8785233,UMAP
302,4.1954184,7.406531,UMAP
303,3.0762932,2.702088,UMAP
304,5.648786,8.853264,UMAP
305,5.450398,3.1502128,UMAP
306,5.9316506,5.1673837,UMAP
307,2.7782466,2.1615894,UMAP
308,3.9850514,6.049554,UMAP
309,3.3655844,6.4940796,UMAP
310,6.2931695,8.293927,UMAP
311,2.5298262,6.4807057,UMAP
312,2.0412474,6.898989,UMAP
313,4.9291844,4.573839,UMAP
314,2.3131633,2.9183576,UMAP
315,3.2060819,1.9422529,UMAP
316,3.1672807,5.050801,UMAP
317,3.5539162,8.7984705,UMAP
318,5.7692494,5.7003975,UMAP
319,4.827485,4.880338,UMAP
320,4.1175485,3.783768,UMAP
321,2.4700992,3.8868349,UMAP
322,2.7211585,6.3276224,UMAP
323,5.3905516,4.9058876,UMAP
324,2.9788,1.9341174,UMAP
325,5.257292,6.6624637,UMAP
326,5.4812317,5.9327154,UMAP
327,5.456095,3.2972782,UMAP
328,6.469456,7.3388476,UMAP
329,-0.7657386,6.386095,UMAP
330,-1.0374274,6.01436,UMAP
331,2.8741744,3.7901676,UMAP
332,3.6826334,7.514726,UMAP
333,0.5693219,5.6360707,UMAP
334,6.0594063,6.9414177,UMAP
335,5.678167,5.2114563,UMAP
336,-0.092728704,5.7385154,UMAP
337,2.310297,5.691458,UMAP
338,-1.0965137,6.092524,UMAP
339,4.128566,4.8606286,UMAP
340,5.0728846,8.966946,UMAP
341,3.8850806,5.92203,UMAP
342,3.9549978,9.043126,UMAP
343,3.595294,3.6801884,UMAP
344,4.556586,2.4154887,UMAP
345,3.9748435,8.749213,UMAP
346,3.04533,1.9308051,UMAP
347,4.430632,4.2482467,UMAP
348,0.48887706,5.6274204,UMAP
349,3.4493895,3.5868042,UMAP
350,4.796561,3.7607882,UMAP
351,4.7529006,2.8015387,UMAP
352,3.2026753,4.71151,UMAP
353,3.4501936,4.313075,UMAP
354,3.957014,3.7293909,UMAP
355,2.5514283,3.7288246,UMAP
356,1.1892333,4.813193,UMAP
357,5.763828,5.0814376,UMAP
358,3.6811213,8.0120125,UMAP
359,6.2714024,8.577641,UMAP
360,5.754871,3.9016404,UMAP
361,2.8932085,4.233032,UMAP
362,2.8739192,7.1601257,UMAP
363,5.5028257,6.161679,UMAP
364,1.2279803,4.4750834,UMAP
365,1.5486904,5.2948966,UMAP
366,1.1698056,5.12065,UMAP
367,2.7383587,2.3954003,UMAP
368,3.3114066,8.723287,UMAP
369,5.2401347,3.3216443,UMAP
370,2.2469523,5.9980555,UMAP
371,4.1677847,2.5490723,UMAP
372,4.5272865,3.3674355,UMAP
373,5.680105,5.0942607,UMAP
374,5.0066566,9.155801,UMAP
375,4.5693083,8.61298,UMAP
376,2.458374,6.8140306,UMAP
377,4.797645,3.6508474,UMAP
378,3.1880257,2.4423332,UMAP
379,2.307116,3.5706851,UMAP
380,2.87543,3.0806513,UMAP
381,2.8720157,2.5418334,UMAP
382,1.9138992,5.6589007,UMAP
383,2.747471,5.842963,UMAP
384,1.9460024,6.141133,UMAP
385,4.5604763,4.50246,UMAP
386,4.850996,6.0132093,UMAP
387,4.6033406,8.586768,UMAP
388,1.4656311,4.24384,UMAP
389,5.1074896,3.052797,UMAP
390,3.589903,8.60101,UMAP
391,3.2553673,8.22155,UMAP
392,6.2230186,7.5775466,UMAP
393,4.961954,7.36806,UMAP
394,4.66637,8.840709,UMAP
395,6.0698657,7.1784234,UMAP
396,4.9463034,2.936535,UMAP
397,5.6672254,3.9655225,UMAP
398,3.627155,3.3662105,UMAP
399,4.6529994,4.3202205,UMAP
400,1.7839347,6.617361,UMAP
401,4.5160093,5.1067753,UMAP
402,3.5068665,2.700221,UMAP
403,3.8128402,4.727595,UMAP
404,4.65997,8.009036,UMAP
405,4.2321153,5.4848104,UMAP
406,4.6760554,7.4952946,UMAP
407,4.1539917,8.391136,UMAP
408,4.1494946,3.5290406,UMAP
409,2.146308,3.5950463,UMAP
410,6.281432,7.5368137,UMAP
411,4.882807,2.422555,UMAP
412,4.1933713,5.466288,UMAP
413,1.5489496,6.8138547,UMAP
414,4.438148,7.521815,UMAP
415,4.0153203,3.1903331,UMAP
416,5.8141165,6.142694,UMAP
417,2.5010927,7.5501494,UMAP
418,3.9687586,4.496352,UMAP
419,2.229363,3.2388475,UMAP
420,3.97251,1.8244729,UMAP
421,3.9283898,8.953698,UMAP
422,4.366982,3.7906616,UMAP
423,3.8104274,2.4641218,UMAP
424,3.0465739,8.072392,UMAP
425,3.9604282,1.8991159,UMAP
426,4.1726036,5.775458,UMAP
427,5.19992,5.453849,UMAP
428,4.3968496,8.713265,UMAP
429,1.3876274,6.0902715,UMAP
430,1.7751709,5.5968003,UMAP
431,2.99205,3.5328965,UMAP
432,2.8139706,2.4120429,UMAP
433,2.0696702,5.930001,UMAP
434,5.559607,8.04767,UMAP
435,-0.29180056,5.51488,UMAP
436,2.408079,6.773583,UMAP
437,4.2328963,8.954717,UMAP
438,5.5075264,5.4934764,UMAP
439,0.04488882,5.7621317,UMAP
440,3.9273355,2.033181,UMAP
441,6.128953,6.9700694,UMAP
442,5.688803,3.820636,UMAP
443,6.1833997,7.568073,UMAP
444,1.8266069,4.7405844,UMAP
445,5.7091393,4.713953,UMAP
446,2.6990094,2.6089747,UMAP
447,0.18453355,5.989738,UMAP
448,5.2525425,8.893398,UMAP
449,3.2941418,3.246155,UMAP
450,2.0399177,7.202054,UMAP
451,1.659027,6.2990575,UMAP
452,6.290999,8.268718,UMAP
453,4.3937464,3.8059573,UMAP
454,3.4706917,8.487414,UMAP
455,2.5400133,4.2850595,UMAP
456,0.33804274,5.1204476,UMAP
457,2.3985984,4.513506,UMAP
458,4.697432,4.475761,UMAP
459,5.952402,6.0448127,UMAP
460,3.1102588,4.725374,UMAP
461,2.620827,3.397196,UMAP
462,0.63291335,5.6749945,UMAP
463,3.123559,2.3460574,UMAP
464,-0.67724043,5.713072,UMAP
465,4.865492,5.214643,UMAP
466,5.5512276,8.851915,UMAP
467,2.846279,7.7596803,UMAP
468,2.3165917,5.195761,UMAP
469,3.2568846,3.5254707,UMAP
470,5.7688217,8.448404,UMAP
471,5.273041,4.3169436,UMAP
472,4.456529,8.170857,UMAP
473,5.5371284,6.614915,UMAP
474,3.16805,5.8217926,UMAP
475,2.4497664,4.9659247,UMAP
476,2.0416532,5.0909758,UMAP
477,3.8403091,2.9985306,UMAP
478,5.522816,7.249953,UMAP
479,2.5940602,3.91133,UMAP
480,5.3730154,3.967133,UMAP
481,4.4546337,8.670886,UMAP
482,5.723148,3.5904293,UMAP
483,2.83904,2.7335372,UMAP
484,5.077381,3.8604813,UMAP
485,2.762752,7.939526,UMAP
486,4.1747584,8.980078,UMAP
487,4.733091,3.2763834,UMAP
488,1.6585925,5.939614,UMAP
489,2.6129766,3.7785628,UMAP
490,4.1848803,9.047875,UMAP
491,5.806826,5.027554,UMAP
492,2.6453152,6.894184,UMAP
493,5.8926764,5.7899003,UMAP
494,-0.22451416,6.337251,UMAP
495,0.13610978,5.406644,UMAP
496,5.1789136,7.1595697,UMAP
497,2.8298867,5.34529,UMAP
498,1.7706182,5.6495132,UMAP
499,1.8447821,4.9202247,UMAP
500,3.9864602,4.125422,UMAP
501,2.0102618,3.9523427,UMAP
502,0.9424094,6.4051027,UMAP
503,1.2861108,6.080558,UMAP
504,5.452788,8.162063,UMAP
505,-0.05965063,6.2960663,UMAP
506,4.2929077,8.653894,UMAP
507,-0.43815053,5.822683,UMAP
508,5.5297966,8.730279,UMAP
509,5.9318757,5.623321,UMAP
510,4.7627015,7.220095,UMAP
511,3.7500162,6.577505,UMAP
512,0.28482956,5.109048,UMAP
513,6.132681,8.7654705,UMAP
514,2.864721,3.3733864,UMAP
515,3.560003,7.353567,UMAP
516,4.9977374,8.215659,UMAP
517,6.011175,8.707079,UMAP
518,0.04120184,6.0715623,UMAP
519,4.261429,2.7813103,UMAP
520,1.2708349,6.62223,UMAP
521,3.4469225,3.1894696,UMAP
522,5.955454,4.281773,UMAP
523,6.279125,7.147428,UMAP
524,5.3199844,8.305947,UMAP
525,3.4318576,5.805259,UMAP
526,6.221683,7.185501,UMAP
527,1.7558024,6.381273,UMAP
528,4.8637757,7.529814,UMAP
529,2.7832313,7.0864015,UMAP
530,-0.023119748,5.322669,UMAP
531,4.27126,3.0999618,UMAP
532,2.6470957,2.490748,UMAP
533,5.5757017,5.064814,UMAP
534,4.51436,6.5242624,UMAP
535,4.3263645,3.1292617,UMAP
536,6.0712724,6.8606644,UMAP
537,1.6781068,6.9768515,UMAP
538,4.240597,7.4393044,UMAP
539,0.094797686,5.516996,UMAP
540,1.277022,5.147966,UMAP
541,5.9632955,8.163825,UMAP
542,-0.88626605,6.1026235,UMAP
543,3.6874433,2.2651343,UMAP
544,4.467639,2.592652,UMAP
545,2.4582593,5.119859,UMAP
546,4.6857533,3.3991542,UMAP
547,2.729439,7.9096947,UMAP
548,3.6232173,5.030081,UMAP
549,1.2311925,5.73562,UMAP
550,4.5415215,2.2071004,UMAP
551,4.032308,8.26523,UMAP
552,1.4215124,4.5894136,UMAP
553,2.9885502,7.4605336,UMAP
554,4.2931843,3.5180805,UMAP
555,4.001348,1.8931273,UMAP
556,2.514851,4.8153534,UMAP
557,3.6233397,3.847776,UMAP
558,3.4284,4.1314497,UMAP
559,2.1835155,3.2481961,UMAP
560,-0.25829408,6.3101845,UMAP
561,0.05655505,6.2576056,UMAP
562,2.625906,7.3955364,UMAP
563,4.286438,3.940735,UMAP
564,5.4057736,3.0169458,UMAP
565,5.904463,4.401173,UMAP
566,0.092641294,5.3351407,UMAP
567,5.8658795,5.637848,UMAP
568,4.795098,3.9579692,UMAP
569,4.198682,7.5994334,UMAP
570,4.5479946,8.626081,UMAP
571,3.1821637,2.6760972,UMAP
572,2.6168957,6.274854,UMAP
573,3.4337327,4.1612945,UMAP
574,5.503599,3.5580196,UMAP
575,4.7681637,5.9911776,UMAP
576,2.884747,8.478818,UMAP
577,3.158314,8.014801,UMAP
578,4.079409,7.0932784,UMAP
579,1.6431437,5.1979737,UMAP
580,2.534883,7.31664,UMAP
581,5.1327057,3.2490742,UMAP
582,0.6520953,5.233016,UMAP
583,3.13816,3.5124283,UMAP
584,3.6313324,1.8059968,UMAP
585,4.900481,9.093775,UMAP
586,3.6505945,2.6996462,UMAP
587,-0.62837803,5.660484,UMAP
588,3.5298693,2.2971635,UMAP
589,0.8238769,6.0109,UMAP
590,4.2992415,3.5895898,UMAP
591,-0.40022203,5.9840856,UMAP
592,2.301347,7.6233025,UMAP
593,5.658036,4.35599,UMAP
594,3.525365,1.9436536,UMAP
595,4.7365527,8.595416,UMAP
596,3.9905944,3.7209415,UMAP
597,5.569311,7.56905,UMAP
598,3.5660152,8.217309,UMAP
599,-0.8869961,6.001782,UMAP
600,2.9336345,7.236324,UMAP
601,2.7187548,8.151168,UMAP
602,0.5187449,6.29123,UMAP
603,3.509655,1.7946432,UMAP
604,3.1818144,4.846717,UMAP
605,-0.26472685,6.313359,UMAP
606,3.3184805,3.0147133,UMAP
607,3.0414329,3.3766065,UMAP
608,2.4076965,4.347019,UMAP
609,-0.924993,6.2044363,UMAP
610,4.783057,7.956052,UMAP
611,2.0851169,6.465854,UMAP
612,3.0915842,2.5496647,UMAP
613,5.2257304,6.6120358,UMAP
614,3.89845,5.853449,UMAP
615,6.2736335,8.26453,UMAP
616,5.9502664,6.052038,UMAP
617,3.3163533,5.050398,UMAP
618,3.5568008,4.2241516,UMAP
619,4.9284387,2.6220453,UMAP
620,4.9846115,3.5367978,UMAP
621,2.1828825,4.135953,UMAP
622,-0.48595986,5.6225576,UMAP
623,0.19568671,6.257482,UMAP
624,3.7405002,6.003658,UMAP
625,-0.1073178,5.697257,UMAP
626,5.093893,7.4104414,UMAP
627,3.900294,8.03078,UMAP
628,3.8271234,4.3188887,UMAP
629,4.2436147,2.7340336,UMAP
630,3.0861473,3.282467,UMAP
631,4.151645,8.504219,UMAP
632,4.2321267,2.1754382,UMAP
633,4.4608583,2.8941028,UMAP
634,3.7582912,4.3923016,UMAP
635,4.7647157,5.8409863,UMAP
636,3.6263385,8.27066,UMAP
637,5.620349,6.414438,UMAP
638,5.002338,8.383645,UMAP
639,5.25554,8.449843,UMAP
640,4.412613,8.239483,UMAP
641,2.2583632,4.7784405,UMAP
642,6.5164347,7.2992115,UMAP
643,4.228684,2.6940846,UMAP
644,0.4631553,5.627918,UMAP
645,1.3128195,4.3763013,UMAP
646,2.8211582,2.2020442,UMAP
647,5.4742985,9.129649,UMAP
648,2.3637078,5.966422,UMAP
649,0.10737401,5.271289,UMAP
650,5.21444,4.898052,UMAP
651,1.0677977,5.5730343,UMAP
652,4.00251,6.232851,UMAP
653,6.2101507,8.588077,UMAP
654,5.965507,5.37986,UMAP
655,-0.3291884,5.508801,UMAP
656,2.5563965,5.546992,UMAP
657,5.708604,4.3230844,UMAP
658,3.6457548,8.35633,UMAP
659,1.9600098,4.336954,UMAP
660,2.858919,3.2409685,UMAP
661,3.230944,4.196166,UMAP
662,6.0271397,8.62034,UMAP
663,-1.0365235,6.080765,UMAP
664,6.2831035,6.9528217,UMAP
665,5.796842,6.021461,UMAP
666,2.8665752,2.8386505,UMAP
667,3.1958232,8.584956,UMAP
668,4.041963,7.737444,UMAP
669,3.7205684,8.749484,UMAP
670,2.6165352,8.136002,UMAP
671,3.5712216,5.137445,UMAP
672,2.5178304,6.1015134,UMAP
673,5.7346864,7.665258,UMAP
674,4.0469303,3.0799916,UMAP
675,5.01567,7.803709,UMAP
676,2.6800716,7.4805684,UMAP
677,1.7366223,6.6104217,UMAP
678,5.050916,4.884295,UMAP
679,5.7303085,7.5221877,UMAP
680,3.0767255,3.9930756,UMAP
681,5.14488,2.8723483,UMAP
682,4.140299,2.8466167,UMAP
683,5.0433483,3.7350416,UMAP
684,2.6025155,3.2342849,UMAP
685,3.3889387,2.3730323,UMAP
686,5.4493012,8.708009,UMAP
687,4.888301,7.612663,UMAP
688,3.2511215,6.218689,UMAP
689,3.4837816,5.018573,UMAP
690,1.7747524,4.1056595,UMAP
691,3.2835739,5.5052958,UMAP
692,5.9278483,4.2269955,UMAP
693,2.9388077,3.184986,UMAP
694,3.3083458,2.2843726,UMAP
695,1.9017562,4.3964047,UMAP
696,3.6187422,8.885008,UMAP
697,5.0967665,7.813943,UMAP
698,2.482581,7.0759683,UMAP
699,5.321209,8.489098,UMAP
700,4.277012,7.5345645,UMAP
701,0.35000286,5.9034023,UMAP
702,6.3306446,7.686816,UMAP
703,3.1813784,4.078186,UMAP
704,3.247417,7.622151,UMAP
705,1.7496502,5.260931,UMAP
706,0.3120396,5.696653,UMAP
707,4.539547,3.1466696,UMAP
708,1.8708957,3.8462756,UMAP
709,4.788082,8.673005,UMAP
710,1.9308969,5.4756937,UMAP
711,5.785008,5.9138236,UMAP
712,3.128278,7.8512783,UMAP
713,2.457994,3.722587,UMAP
714,5.8881426,4.4342,UMAP
715,2.042712,4.4917293,UMAP
716,3.1957648,8.526337,UMAP
717,-0.44543108,6.2986116,UMAP
718,5.034395,7.4123697,UMAP
719,0.67325395,5.7897587,UMAP
720,4.689725,8.852268,UMAP
721,5.4043226,3.51142,UMAP
722,5.8293104,6.6630206,UMAP
723,3.1967654,1.8386972,UMAP
724,1.8459768,7.010641,UMAP
725,2.0643876,4.871228,UMAP
726,3.6371386,7.572568,UMAP
727,-1.0709453,6.091608,UMAP
728,4.2885118,2.488064,UMAP
729,0.95642394,5.485386,UMAP
730,5.339323,2.95978,UMAP
731,3.7940516,1.9872078,UMAP
732,5.7191477,7.7017603,UMAP
733,-0.80670893,6.2728195,UMAP
734,4.8951483,6.020919,UMAP
735,4.1060896,7.2901483,UMAP
736,4.382395,4.8099003,UMAP
737,5.8680696,7.9442716,UMAP
738,2.2756667,6.2839465,UMAP
739,3.7062209,7.426289,UMAP
740,5.9461527,8.742134,UMAP
741,5.864495,6.080698,UMAP
742,1.7126518,4.936023,UMAP
743,5.845151,5.4966874,UMAP
744,3.054509,2.7533078,UMAP
745,0.7363853,5.8194504,UMAP
746,5.449965,7.481871,UMAP
747,4.318035,2.0290153,UMAP
748,1.6046888,6.6988144,UMAP
749,2.9766393,7.405946,UMAP
750,5.653129,3.7482069,UMAP
751,4.052887,4.6111894,UMAP
752,0.069411784,5.888516,UMAP
753,4.395506,9.193624,UMAP
754,4.6647935,7.495597,UMAP
755,5.066232,4.5852976,UMAP
756,4.622097,3.8297718,UMAP
757,2.9297807,2.6604147,UMAP
758,5.620459,9.064181,UMAP
759,6.0051093,8.613841,UMAP
760,5.3555393,8.42264,UMAP
761,5.7400656,4.459823,UMAP
762,2.4452462,7.9323564,UMAP
763,5.8479786,8.423823,UMAP
764,4.21207,3.7845364,UMAP
765,3.4265838,1.9285735,UMAP
766,1.9892135,3.585878,UMAP
767,2.5355873,7.0209594,UMAP
768,4.080557,8.517748,UMAP
769,3.366755,6.676996,UMAP
770,6.583411,7.3760433,UMAP
771,5.0313964,8.510465,UMAP
772,5.2041116,3.2270105,UMAP
773,5.0580754,8.754134,UMAP
774,1.1711847,6.5841084,UMAP
775,-0.15781717,5.452158,UMAP
776,3.3485718,2.2916985,UMAP
777,6.145432,8.444312,UMAP
778,1.6738685,6.7259426,UMAP
779,3.6596637,3.3152275,UMAP
780,1.1235149,5.1919265,UMAP
781,4.193738,6.9438434,UMAP
782,3.5761642,3.044343,UMAP
783,1.8329769,7.104324,UMAP
784,3.1110935,2.9696488,UMAP
785,-0.28153092,5.8371997,UMAP
786,1.5760701,5.706232,UMAP
787,3.3546596,5.4770327,UMAP
788,5.0049005,8.9776745,UMAP
789,0.8924417,5.9617386,UMAP
790,3.9886172,2.9766889,UMAP
791,4.961381,5.8816266,UMAP
792,3.3461297,2.4264572,UMAP
793,4.623363,7.747099,UMAP
794,5.796221,6.991448,UMAP
795,2.6404688,3.42327,UMAP
796,4.429799,3.3202717,UMAP
797,3.5725417,2.314201,UMAP
798,0.06897618,5.790928,UMAP
799,5.082456,6.779282,UMAP
800,3.4802604,2.9009964,UMAP
801,4.111109,2.197599,UMAP
802,5.8148675,7.0111227,UMAP
803,4.9450154,3.4273813,UMAP
804,4.073845,2.3533618,UMAP
805,1.5651523,4.468776,UMAP
806,3.1644087,4.7631903,UMAP
807,5.812173,8.288118,UMAP
808,5.115827,3.422352,UMAP
809,4.248305,2.3686318,UMAP
810,3.3443365,8.203489,UMAP
811,2.3044345,3.9853663,UMAP
812,1.7228397,5.3590226,UMAP
813,4.477959,7.0084386,UMAP
814,5.8022656,4.210508,UMAP
815,4.094125,5.72433,UMAP
816,0.28096622,5.9986863,UMAP
817,2.6496153,7.9095964,UMAP
818,5.916221,4.481971,UMAP
819,4.5092196,6.918593,UMAP
820,4.993783,5.3404856,UMAP
821,3.1172156,7.6581006,UMAP
822,3.0114918,4.3424315,UMAP
823,5.446315,4.6880956,UMAP
824,4.1469407,8.712664,UMAP
825,-0.29897076,5.8115044,UMAP
826,2.2300503,7.3959317,UMAP
827,1.7654427,5.6863737,UMAP
828,5.9415026,7.0197496,UMAP
829,5.1380053,6.062102,UMAP
830,5.888433,6.156603,UMAP
831,3.0310795,8.635698,UMAP
832,6.3839493,7.626202,UMAP
833,3.9382565,3.1523395,UMAP
834,4.779521,6.0294456,UMAP
835,-0.72048277,6.3935456,UMAP
836,3.304781,8.840609,UMAP
837,5.134024,7.813282,UMAP
838,1.2781348,5.9572086,UMAP
839,6.5559587,7.2850876,UMAP
840,5.691907,6.164841,UMAP
841,1.8160549,6.9619775,UMAP
842,4.983511,2.6902077,UMAP
843,5.91361,7.0272717,UMAP
844,-0.83940834,6.291901,UMAP
845,4.394726,2.0238707,UMAP
846,4.484732,7.805763,UMAP
847,2.790865,5.9440613,UMAP
848,1.3330734,4.3101745,UMAP
849,5.1537776,8.160922,UMAP
850,0.62698543,6.544089,UMAP
851,1.8540043,5.5577993,UMAP
852,3.871837,4.9247947,UMAP
853,2.8068244,8.009905,UMAP
854,4.895455,5.125987,UMAP
855,4.6603327,7.700964,UMAP
856,2.7193234,5.7177963,UMAP
857,2.7833514,2.459806,UMAP
858,3.7198172,3.9739347,UMAP
859,1.8200088,4.43256,UMAP
860,3.2588053,2.1378508,UMAP
861,2.8302188,3.9033132,UMAP
862,5.670327,5.0954337,UMAP
863,3.342201,8.534641,UMAP
864,4.3508,7.2372875,UMAP
865,3.9687955,4.215305,UMAP
866,0.8740262,5.4876285,UMAP
867,2.1977832,7.269005,UMAP
868,5.5499597,7.6583757,UMAP
869,5.510044,3.4177926,UMAP
870,4.746397,5.7227335,UMAP
871,4.8882957,6.24941,UMAP
872,3.60645,6.8355503,UMAP
873,1.3155526,6.4802303,UMAP
874,-0.69427884,5.6375246,UMAP
875,2.3449821,7.1660576,UMAP
876,4.05694,6.03561,UMAP
877,3.7284966,8.994054,UMAP
878,2.6847181,5.881794,UMAP
879,3.894045,6.116493,UMAP
880,2.0021136,7.234191,UMAP
881,3.6296427,7.225146,UMAP
882,5.3298583,8.480354,UMAP
883,2.6311677,5.797582,UMAP
884,4.3658605,6.225754,UMAP
885,1.9159824,4.1251693,UMAP
886,4.1628757,2.7949839,UMAP
887,3.5988626,5.855047,UMAP
888,4.0138497,1.9442008,UMAP
889,0.88601124,5.3343034,UMAP
890,0.7585272,5.139703,UMAP
891,2.0318863,6.3862257,UMAP
892,6.196596,6.855021,UMAP
893,1.0834,4.850959,UMAP
894,6.29182,8.615583,UMAP
895,2.1448972,4.093105,UMAP
896,1.6242113,4.91597,UMAP
897,1.9817274,5.204488,UMAP
898,5.636231,4.6958866,UMAP
899,5.4628663,3.753086,UMAP
900,3.057639,1.9042969,UMAP
901,5.4811096,8.997981,UMAP
902,5.6061654,7.6145387,UMAP
903,4.4805756,2.2046208,UMAP
904,1.514094,5.357919,UMAP
905,5.8094106,5.028641,UMAP
906,4.5072794,4.65819,UMAP
907,1.5439245,4.3344164,UMAP
908,4.5702963,2.1951036,UMAP
909,4.772005,8.727189,UMAP
910,5.9456573,8.746602,UMAP
911,0.76099664,6.111782,UMAP
912,4.1113772,2.201143,UMAP
913,5.708474,4.569028,UMAP
914,5.87383,4.612147,UMAP
915,1.041329,5.5941896,UMAP
916,5.740102,6.940774,UMAP
917,6.1366863,8.462282,UMAP
918,1.9412562,5.2001076,UMAP
919,1.8649361,5.4130144,UMAP
920,0.30513033,5.9437194,UMAP
921,3.2242103,2.1301866,UMAP
922,5.1472387,5.878545,UMAP
923,3.6893158,7.6121483,UMAP
924,0.9630013,5.7584205,UMAP
925,5.492105,4.176033,UMAP
926,2.4951234,7.3950047,UMAP
927,2.7668586,8.042812,UMAP
928,6.112788,8.674414,UMAP
929,1.7403941,6.138911,UMAP
930,4.3363857,7.008851,UMAP
931,0.8879162,4.7510033,UMAP
932,1.5326464,6.256912,UMAP
933,3.050578,2.0558248,UMAP
934,4.6512284,3.9324818,UMAP
935,3.8997412,5.592193,UMAP
936,3.766508,3.2343159,UMAP
937,5.1868553,9.02176,UMAP
938,2.6414993,5.844078,UMAP
939,0.44585353,5.1114182,UMAP
940,6.0064993,4.718476,UMAP
941,4.696061,5.3380847,UMAP
942,3.9186296,3.6486423,UMAP
943,1.3205845,5.6656427,UMAP
944,3.0926871,2.26676,UMAP
945,2.6389587,2.2954426,UMAP
946,3.1145499,4.6702538,UMAP
947,3.2644603,3.4895175,UMAP
948,3.996321,8.967581,UMAP
949,1.557633,4.3132005,UMAP
950,1.7712369,6.807514,UMAP
951,4.3599505,3.5167851,UMAP
952,3.7605953,6.7008257,UMAP
953,0.76008517,5.110321,UMAP
954,5.02915,4.92598,UMAP
955,3.894065,2.7302415,UMAP
956,2.4479375,7.2201886,UMAP
957,1.927197,5.455483,UMAP
958,5.408664,3.5259986,UMAP
959,2.9617026,2.5451646,UMAP
960,-0.57598877,6.125478,UMAP
961,5.3885293,4.8307357,UMAP
962,5.9311647,3.9500897,UMAP
963,5.4964395,6.898595,UMAP
964,2.1769197,5.720151,UMAP
965,5.3244166,7.1850348,UMAP
966,4.353379,7.7574596,UMAP
967,0.49184012,5.1422944,UMAP
968,4.2635264,9.188018,UMAP
969,-0.061383262,6.3190274,UMAP
970,3.3947473,2.5335543,UMAP
971,4.544983,4.6509156,UMAP
972,5.460865,3.7212696,UMAP
973,2.4928796,7.1063724,UMAP
974,1.7441877,5.9376583,UMAP
975,1.295784,5.917662,UMAP
976,4.4547477,6.9841895,UMAP
977,3.1733408,6.9335685,UMAP
978,1.2544723,6.1119547,UMAP
979,4.359485,2.325278,UMAP
980,5.8563232,8.373874,UMAP
981,6.3182716,7.1223073,UMAP
982,3.190218,8.472823,UMAP
983,5.0072594,4.8811765,UMAP
984,5.00839,5.098431,UMAP
985,3.485673,3.6249895,UMAP
986,4.65748,7.523085,UMAP
987,6.1303926,8.531441,UMAP
988,2.1319985,6.5062966,UMAP
989,5.4570518,3.8266103,UMAP
990,5.0119486,5.1912236,UMAP
991,4.7737474,3.2690723,UMAP
992,4.463068,4.4568424,UMAP
993,2.9784188,8.260727,UMAP
994,5.677645,5.416993,UMAP
995,4.4300985,7.40563,UMAP
996,2.5382228,3.0350904,UMAP
997,2.625963,5.367348,UMAP
998,3.3731227,5.082807,UMAP
999,2.8284848,7.51596,UMAP
