species,aligned_arm,moseq_cluster,soft_frames
Mus_caroli,1,0,44425.52815296234
Mus_caroli,1,1,124591.8038573097
Mus_caroli,1,2,21016.291778427963
Mus_caroli,1,3,21126.15047011347
Mus_caroli,1,4,51739.00378618978
Mus_caroli,1,5,53783.42494942747
Mus_caroli,1,6,45756.96300837097
Mus_caroli,1,7,10242.183601937417
Mus_caroli,1,8,28604.617305843447
Mus_caroli,1,9,31329.635677174112
Mus_caroli,1,10,5355.810186272178
Mus_caroli,1,11,492767.3680830353
Mus_caroli,1,12,13074.054583899384
Mus_caroli,1,13,74294.43984105483
Mus_caroli,1,14,86485.96488148578
Mus_caroli,1,15,17676.510342538266
Mus_caroli,1,16,3579.325891724355
Mus_caroli,1,17,4258.895500720467
Mus_caroli,1,18,62855.62150414124
Mus_caroli,1,19,31452.836504482413
Mus_caroli,1,20,21573.33808928591
Mus_caroli,1,21,58465.45536939872
Mus_caroli,1,22,44774.626427988485
Mus_caroli,1,23,34663.66690630332
Mus_caroli,1,24,24136.166194362875
Mus_caroli,1,25,5071.019072624744
Mus_caroli,1,26,7434.759773396913
Mus_caroli,1,27,106786.12143173932
Mus_caroli,1,28,59510.42335501639
Mus_caroli,1,29,34450.69699808892
Mus_caroli,1,30,10102.856727638873
Mus_caroli,1,31,17656.767648782894
Mus_caroli,1,32,21697.49510160077
Mus_caroli,1,33,9050.412552646501
Mus_caroli,1,34,8727.415413213197
Mus_caroli,1,35,4327.764482294648
Mus_caroli,1,36,4699.185628261662
Mus_caroli,1,37,7449.313537317545
Mus_caroli,1,38,9918.086675054334
Mus_caroli,1,39,27946.78815382296
Mus_caroli,1,40,7454.798454718696
Mus_caroli,1,41,20878.707186702733
Mus_caroli,1,42,7666.642258250515
Mus_caroli,1,43,10518.800724326558
Mus_caroli,1,44,8557.839155640868
Mus_caroli,1,45,704.1318303980138
Mus_caroli,1,46,2174.5369756232367
Mus_caroli,1,47,2233.5867019372185
Mus_caroli,1,48,2092.4766599147283
Mus_caroli,1,49,336.1689196906874
Mus_caroli,1,51,2.8410709140618127
Mus_caroli,1,52,0.2986943290559772
Mus_caroli,1,56,0.3852800168760491
Mus_caroli,1,62,0.6718797046699837
Mus_caroli,2,0,18521.090032093864
Mus_caroli,2,1,51152.38850997453
Mus_caroli,2,2,8878.045872323317
Mus_caroli,2,3,8648.93797478145
Mus_caroli,2,4,21011.43262091643
Mus_caroli,2,5,22064.384469461987
Mus_caroli,2,6,18730.768528001183
Mus_caroli,2,7,4171.728824330107
Mus_caroli,2,8,11913.983011681321
Mus_caroli,2,9,12803.181012222858
Mus_caroli,2,10,2231.620732271465
Mus_caroli,2,11,201830.78507178446
Mus_caroli,2,12,5442.140006274528
Mus_caroli,2,13,30458.9070122361
Mus_caroli,2,14,35566.90338652152
Mus_caroli,2,15,7495.181317865938
Mus_caroli,2,16,1573.6540126930506
Mus_caroli,2,17,1644.5668967451334
Mus_caroli,2,18,26010.287316018595
Mus_caroli,2,19,13212.42982493883
Mus_caroli,2,20,8896.148529775162
Mus_caroli,2,21,24292.966618591752
Mus_caroli,2,22,18702.03221790393
Mus_caroli,2,23,14608.450051914197
Mus_caroli,2,24,9708.436058581898
Mus_caroli,2,25,2398.2214271097755
Mus_caroli,2,26,3126.073008471799
Mus_caroli,2,27,47086.23170146255
Mus_caroli,2,28,24801.064307969038
Mus_caroli,2,29,14071.319417286611
Mus_caroli,2,30,3979.818107140916
Mus_caroli,2,31,7356.832916268891
Mus_caroli,2,32,8908.479102800315
Mus_caroli,2,33,3373.3836540996867
Mus_caroli,2,34,3588.0808502787386
Mus_caroli,2,35,1663.3348679615835
Mus_caroli,2,36,2067.8632451225317
Mus_caroli,2,37,2589.3934596832883
Mus_caroli,2,38,4165.269634083196
Mus_caroli,2,39,11602.391161734635
Mus_caroli,2,40,3129.2823103684573
Mus_caroli,2,41,8822.842975201527
Mus_caroli,2,42,3168.5402401041665
Mus_caroli,2,43,4184.044389069563
Mus_caroli,2,44,3461.112739847082
Mus_caroli,2,45,374.51043414689906
Mus_caroli,2,46,877.3431309481042
Mus_caroli,2,47,914.552810552462
Mus_caroli,2,48,801.9554040641733
Mus_caroli,2,49,135.92873535541045
Mus_caroli,2,51,1.1013330002793955
Mus_caroli,2,52,0.06703851342566969
Mus_caroli,2,56,0.02744544832987168
Mus_caroli,2,62,0.19990622305855046
Mus_musculus,1,0,733467.2491156035
Mus_musculus,1,1,870384.7929488282
Mus_musculus,1,2,500294.15628570557
Mus_musculus,1,3,670230.8303810154
Mus_musculus,1,4,515910.5450580056
Mus_musculus,1,5,349907.4495207606
Mus_musculus,1,6,423382.9840875555
Mus_musculus,1,7,295730.1200702722
Mus_musculus,1,8,179830.43426601472
Mus_musculus,1,9,546757.4033231577
Mus_musculus,1,10,205699.9668134829
Mus_musculus,1,11,584448.0278145343
Mus_musculus,1,12,147492.1135565204
Mus_musculus,1,13,881824.3324859899
Mus_musculus,1,14,1190112.748124915
Mus_musculus,1,15,172609.84429616443
Mus_musculus,1,16,33899.46740460865
Mus_musculus,1,17,43118.153313342285
Mus_musculus,1,18,278886.91518910986
Mus_musculus,1,19,518403.2981251195
Mus_musculus,1,20,71665.406192139
Mus_musculus,1,21,235675.93267757873
Mus_musculus,1,22,279185.5647153142
Mus_musculus,1,23,717959.1561743976
Mus_musculus,1,24,69638.05844213633
Mus_musculus,1,25,111800.07057242541
Mus_musculus,1,26,356244.99571322976
Mus_musculus,1,27,88843.72117362574
Mus_musculus,1,28,880205.8165136058
Mus_musculus,1,29,126485.0661051125
Mus_musculus,1,30,99340.32177365647
Mus_musculus,1,31,341776.4870815195
Mus_musculus,1,32,898856.1453614241
Mus_musculus,1,33,32144.21838477543
Mus_musculus,1,34,517889.3033815409
Mus_musculus,1,35,212417.2848621186
Mus_musculus,1,36,218436.1394162156
Mus_musculus,1,37,214329.18053761398
Mus_musculus,1,38,3430.820575356224
Mus_musculus,1,39,282192.33931786276
Mus_musculus,1,40,157161.81395147173
Mus_musculus,1,41,68518.58576735832
Mus_musculus,1,42,202082.63020480098
Mus_musculus,1,43,327415.77094901504
Mus_musculus,1,44,181360.18103886803
Mus_musculus,1,45,7775.890042651461
Mus_musculus,1,46,109047.82484972636
Mus_musculus,1,47,128229.01900530899
Mus_musculus,1,48,140543.91672404608
Mus_musculus,1,49,18261.678820751527
Mus_musculus,1,50,4.671200510878639
Mus_musculus,1,51,8.360293317259933
Mus_musculus,1,56,13.288863174252084
Mus_musculus,1,61,56.38919617095559
Mus_musculus,1,64,18.50021402264134
Mus_musculus,1,66,29.57574316553684
Mus_musculus,1,67,16.003101393031987
Mus_musculus,1,68,12.761545652771249
Mus_musculus,1,72,33.98896211714382
Mus_musculus,1,73,9.940551296894482
Mus_musculus,1,78,23.37196137014944
Mus_musculus,1,85,6.471909813123924
Mus_musculus,1,86,58.32716201993129
Mus_musculus,2,0,105662.26683294289
Mus_musculus,2,1,125672.94874978495
Mus_musculus,2,2,79906.926324254
Mus_musculus,2,3,100026.47522472065
Mus_musculus,2,4,83291.09996278297
Mus_musculus,2,5,51531.86572310377
Mus_musculus,2,6,66812.60501970451
Mus_musculus,2,7,42441.39897662774
Mus_musculus,2,8,25534.969306120027
Mus_musculus,2,9,89699.96116997817
Mus_musculus,2,10,30838.82881594639
Mus_musculus,2,11,88642.98520242392
Mus_musculus,2,12,21085.529632577047
Mus_musculus,2,13,137036.75039420088
Mus_musculus,2,14,239014.27102651238
Mus_musculus,2,15,26061.675750654504
Mus_musculus,2,16,4883.836987950627
Mus_musculus,2,17,6370.12049656856
Mus_musculus,2,18,46787.8972617878
Mus_musculus,2,19,82123.04258612041
Mus_musculus,2,20,9966.978412375212
Mus_musculus,2,21,39153.07234665459
Mus_musculus,2,22,38216.59745110243
Mus_musculus,2,23,135857.36016987814
Mus_musculus,2,24,9229.437726790586
Mus_musculus,2,25,20069.286487414905
Mus_musculus,2,26,74283.62303996434
Mus_musculus,2,27,11500.49335489752
Mus_musculus,2,28,143014.05969758256
Mus_musculus,2,29,21235.522746536695
Mus_musculus,2,30,15978.519999561857
Mus_musculus,2,31,73771.24376513722
Mus_musculus,2,32,142922.51536578868
Mus_musculus,2,33,4772.677370612997
Mus_musculus,2,34,60551.64863266521
Mus_musculus,2,35,83098.79637913003
Mus_musculus,2,36,44310.740559536265
Mus_musculus,2,37,49660.85642483791
Mus_musculus,2,38,573.4001627278436
Mus_musculus,2,39,39984.817388203606
Mus_musculus,2,40,34402.19519755211
Mus_musculus,2,41,11415.455842787123
Mus_musculus,2,42,41764.17016546785
Mus_musculus,2,43,47784.57427455787
Mus_musculus,2,44,53880.89184762418
Mus_musculus,2,45,1760.6772892114484
Mus_musculus,2,46,27611.99937528105
Mus_musculus,2,47,31262.905455715314
Mus_musculus,2,48,32345.814937713036
Mus_musculus,2,49,4970.343194824839
Mus_musculus,2,50,0.3287994891213618
Mus_musculus,2,51,1.6397066827400668
Mus_musculus,2,56,0.7111368257479159
Mus_musculus,2,61,14.610803829044396
Mus_musculus,2,64,2.499785977358661
Mus_musculus,2,66,1.2112055577679801
Mus_musculus,2,67,0.9968986069680149
Mus_musculus,2,68,2.2384543472287524
Mus_musculus,2,72,4.011037882856148
Mus_musculus,2,73,1.059448703105518
Mus_musculus,2,78,3.1050038192098266
Mus_musculus,2,85,1.5280901868760761
Mus_musculus,2,86,4.006089971428281
Mus_spretus,1,0,44185.34196384999
Mus_spretus,1,1,62968.663485334044
Mus_spretus,1,2,45778.67944087527
Mus_spretus,1,3,53535.60088269595
Mus_spretus,1,4,41194.94572908621
Mus_spretus,1,5,17454.176793889266
Mus_spretus,1,6,36127.012519867174
Mus_spretus,1,7,14264.393954228291
Mus_spretus,1,8,6705.359270304844
Mus_spretus,1,9,83131.95479027327
Mus_spretus,1,10,13139.057303870151
Mus_spretus,1,11,48342.913319431034
Mus_spretus,1,12,5612.496757786738
Mus_spretus,1,13,38067.587600307175
Mus_spretus,1,14,242292.49686559156
Mus_spretus,1,15,8299.539093159856
Mus_spretus,1,16,888.0373613362758
Mus_spretus,1,17,6732.712717146361
Mus_spretus,1,18,29637.805891060576
Mus_spretus,1,19,27706.004338872077
Mus_spretus,1,20,630.1066692605987
Mus_spretus,1,21,21782.275373706274
Mus_spretus,1,22,7448.449436887634
Mus_spretus,1,23,287388.2325246034
Mus_spretus,1,24,511.75539799202045
Mus_spretus,1,25,5069.654554288559
Mus_spretus,1,26,94450.72701900148
Mus_spretus,1,27,1610.5350920895048
Mus_spretus,1,28,35480.52788201661
Mus_spretus,1,29,3663.5315654301908
Mus_spretus,1,30,4530.016566839124
Mus_spretus,1,31,123381.59897416645
Mus_spretus,1,32,21195.947378685953
Mus_spretus,1,33,132.6341046593642
Mus_spretus,1,34,23051.27916354377
Mus_spretus,1,35,112725.56549905668
Mus_spretus,1,36,65606.37267770134
Mus_spretus,1,37,48457.05748128113
Mus_spretus,1,38,310.16646674420383
Mus_spretus,1,39,47192.303422638004
Mus_spretus,1,40,38277.82844334442
Mus_spretus,1,41,2991.465456173133
Mus_spretus,1,42,32856.85138282554
Mus_spretus,1,43,4715.052458566607
Mus_spretus,1,44,20646.957384643316
Mus_spretus,1,45,2026.5106931176028
Mus_spretus,1,46,8099.753709819213
Mus_spretus,1,47,26770.61346026685
Mus_spretus,1,48,18534.390531859946
Mus_spretus,1,49,5625.005985603138
Mus_spretus,1,51,0.8654872185135075
Mus_spretus,1,56,15.888745293037601
Mus_spretus,1,61,81309.50286929506
Mus_spretus,1,74,0.31555445566418794
Mus_spretus,2,0,15697.593955750675
Mus_spretus,2,1,20981.561669497212
Mus_spretus,2,2,17843.03053108698
Mus_spretus,2,3,24432.42641029073
Mus_spretus,2,4,16222.832491177476
Mus_spretus,2,5,6288.647608177816
Mus_spretus,2,6,15345.700623865767
Mus_spretus,2,7,4628.626071469063
Mus_spretus,2,8,2104.7042328704265
Mus_spretus,2,9,28871.001945037966
Mus_spretus,2,10,4444.6764029171445
Mus_spretus,2,11,15204.703444385803
Mus_spretus,2,12,1804.0139792193106
Mus_spretus,2,13,13600.491994777844
Mus_spretus,2,14,120805.15037272473
Mus_spretus,2,15,2581.729026895826
Mus_spretus,2,16,293.8724845459498
Mus_spretus,2,17,4618.804131011201
Mus_spretus,2,18,11898.625783323245
Mus_spretus,2,19,9663.932652856469
Mus_spretus,2,20,211.69693876247385
Mus_spretus,2,21,9184.866350826103
Mus_spretus,2,22,3462.269989970383
Mus_spretus,2,23,144764.66597941614
Mus_spretus,2,24,143.5906930393437
Mus_spretus,2,25,1529.2994413263368
Mus_spretus,2,26,34810.57257914346
Mus_spretus,2,27,457.9606756073372
Mus_spretus,2,28,12081.35149792946
Mus_spretus,2,29,913.0675641298104
Mus_spretus,2,30,1689.2196520236962
Mus_spretus,2,31,59855.44986503235
Mus_spretus,2,32,6545.795057254931
Mus_spretus,2,33,71.17513790864207
Mus_spretus,2,34,8317.322886877459
Mus_spretus,2,35,62693.006304933544
Mus_spretus,2,36,58474.955228447485
Mus_spretus,2,37,35616.707176462965
Mus_spretus,2,38,126.70866167881543
Mus_spretus,2,39,17997.533337252393
Mus_spretus,2,40,14891.207683683331
Mus_spretus,2,41,1357.36803580502
Mus_spretus,2,42,24062.19919867713
Mus_spretus,2,43,1435.1961678475388
Mus_spretus,2,44,8753.733642800184
Mus_spretus,2,45,1489.1245876982532
Mus_spretus,2,46,3009.57078408183
Mus_spretus,2,47,9622.850098179462
Mus_spretus,2,48,6903.387226616289
Mus_spretus,2,49,1991.2571638916115
Mus_spretus,2,51,0.04732392347840946
Mus_spretus,2,56,10.111254706962395
Mus_spretus,2,61,44855.78651428012
Mus_spretus,2,74,0.008394672497309566
Peromyscus_californicus,1,0,273945.7566802107
Peromyscus_californicus,1,1,184960.0861127166
Peromyscus_californicus,1,2,332366.3689324446
Peromyscus_californicus,1,3,445719.9776032454
Peromyscus_californicus,1,4,54089.22270615429
Peromyscus_californicus,1,5,157420.98236674207
Peromyscus_californicus,1,6,44937.48242446513
Peromyscus_californicus,1,7,382131.29923803377
Peromyscus_californicus,1,8,90806.76291042338
Peromyscus_californicus,1,9,104838.78152863489
Peromyscus_californicus,1,10,288163.2208125308
Peromyscus_californicus,1,11,176134.37908711613
Peromyscus_californicus,1,12,93863.79879415073
Peromyscus_californicus,1,13,161477.49139004236
Peromyscus_californicus,1,14,32528.715307974206
Peromyscus_californicus,1,15,93186.24218140947
Peromyscus_californicus,1,16,1276.309300007786
Peromyscus_californicus,1,17,28123.65237183883
Peromyscus_californicus,1,18,33897.96497988855
Peromyscus_californicus,1,19,42064.10182068116
Peromyscus_californicus,1,20,31533.663537378794
Peromyscus_californicus,1,21,37117.57387321256
Peromyscus_californicus,1,22,80396.55360278909
Peromyscus_californicus,1,23,39298.882761965615
Peromyscus_californicus,1,24,16295.651393115722
Peromyscus_californicus,1,25,45595.53306639092
Peromyscus_californicus,1,26,122760.89158796801
Peromyscus_californicus,1,27,837.3619214683243
Peromyscus_californicus,1,28,13443.028149301268
Peromyscus_californicus,1,29,17733.31199244551
Peromyscus_californicus,1,30,52771.70622316952
Peromyscus_californicus,1,31,8565.24819946437
Peromyscus_californicus,1,32,14532.703341320776
Peromyscus_californicus,1,33,157622.44993145586
Peromyscus_californicus,1,34,476897.42637922533
Peromyscus_californicus,1,35,83471.06204446655
Peromyscus_californicus,1,36,31271.17265314112
Peromyscus_californicus,1,37,45592.252061543215
Peromyscus_californicus,1,38,9220.615531209563
Peromyscus_californicus,1,39,47295.10397118805
Peromyscus_californicus,1,40,5734.264726869924
Peromyscus_californicus,1,41,99933.55836043983
Peromyscus_californicus,1,42,56740.195223583774
Peromyscus_californicus,1,43,32.995432022531425
Peromyscus_californicus,1,44,5265.122385249389
Peromyscus_californicus,1,45,12838.00819283123
Peromyscus_californicus,1,46,5774.508528485221
Peromyscus_californicus,1,47,868.979100948045
Peromyscus_californicus,1,48,1414.9424831113602
Peromyscus_californicus,1,49,1219.0819422555796
Peromyscus_californicus,1,51,1.9100518357307763
Peromyscus_californicus,1,52,1.9205368413663764
Peromyscus_californicus,1,73,8.837749801636317
Peromyscus_californicus,1,77,28.87039379119349
Peromyscus_californicus,1,84,12.414739298764603
Peromyscus_californicus,2,0,22691.57371628675
Peromyscus_californicus,2,1,13932.808750939246
Peromyscus_californicus,2,2,35032.3445280569
Peromyscus_californicus,2,3,25394.575572631762
Peromyscus_californicus,2,4,3198.110126378789
Peromyscus_californicus,2,5,6133.405234338615
Peromyscus_californicus,2,6,2756.854436435556
Peromyscus_californicus,2,7,12465.534505544412
Peromyscus_californicus,2,8,2956.832882702042
Peromyscus_californicus,2,9,8398.79954051942
Peromyscus_californicus,2,10,9771.385668031735
Peromyscus_californicus,2,11,6987.171544322099
Peromyscus_californicus,2,12,3442.1175340769373
Peromyscus_californicus,2,13,7135.6388301303305
Peromyscus_californicus,2,14,3683.2946105600845
Peromyscus_californicus,2,15,3483.930397205425
Peromyscus_californicus,2,16,43.91171958622086
Peromyscus_californicus,2,17,1173.3800422741924
Peromyscus_californicus,2,18,1732.1302090408772
Peromyscus_californicus,2,19,2158.004908546276
Peromyscus_californicus,2,20,1198.2775058592756
Peromyscus_californicus,2,21,1943.879306913382
Peromyscus_californicus,2,22,2756.1724405092536
Peromyscus_californicus,2,23,10966.760023736142
Peromyscus_californicus,2,24,739.7093956869602
Peromyscus_californicus,2,25,2325.33806670503
Peromyscus_californicus,2,26,33878.328815803434
Peromyscus_californicus,2,27,34.71352332264566
Peromyscus_californicus,2,28,792.1564100654426
Peromyscus_californicus,2,29,1015.2297602870158
Peromyscus_californicus,2,30,2313.0825705506263
Peromyscus_californicus,2,31,2778.607256019495
Peromyscus_californicus,2,32,499.1513362322213
Peromyscus_californicus,2,33,6589.692366363901
Peromyscus_californicus,2,34,20273.028549578055
Peromyscus_californicus,2,35,55669.124177350146
Peromyscus_californicus,2,36,12033.740833194472
Peromyscus_californicus,2,37,23368.689691336214
Peromyscus_californicus,2,38,267.3172163575557
Peromyscus_californicus,2,39,1554.3669130665126
Peromyscus_californicus,2,40,2577.136234978231
Peromyscus_californicus,2,41,5657.20111546405
Peromyscus_californicus,2,42,33355.93519572871
Peromyscus_californicus,2,43,0.6127342585165403
Peromyscus_californicus,2,44,3492.35468146484
Peromyscus_californicus,2,45,1456.5543558387824
Peromyscus_californicus,2,46,2409.6886258996838
Peromyscus_californicus,2,47,388.8050439107906
Peromyscus_californicus,2,48,911.8533819244266
Peromyscus_californicus,2,49,118.15466306008067
Peromyscus_californicus,2,51,0.08994816426922361
Peromyscus_californicus,2,52,0.07946315863362366
Peromyscus_californicus,2,73,0.16225019836368149
Peromyscus_californicus,2,77,1.129606208806498
Peromyscus_californicus,2,84,0.5852607012353948
Peromyscus_gossypinus,1,0,182444.31240040393
Peromyscus_gossypinus,1,1,172398.57398836123
Peromyscus_gossypinus,1,2,207438.65623215583
Peromyscus_gossypinus,1,3,163171.34242239868
Peromyscus_gossypinus,1,4,48200.71054704438
Peromyscus_gossypinus,1,5,70507.93240352353
Peromyscus_gossypinus,1,6,44433.72244661114
Peromyscus_gossypinus,1,7,226093.6165831103
Peromyscus_gossypinus,1,8,127303.14028116484
Peromyscus_gossypinus,1,9,105749.96636329165
Peromyscus_gossypinus,1,10,231818.79637069436
Peromyscus_gossypinus,1,11,41358.5468212218
Peromyscus_gossypinus,1,12,74414.23565503913
Peromyscus_gossypinus,1,13,53237.82940318345
Peromyscus_gossypinus,1,14,39274.54131721487
Peromyscus_gossypinus,1,15,80303.92295731764
Peromyscus_gossypinus,1,16,43435.69594715061
Peromyscus_gossypinus,1,17,133747.43466745448
Peromyscus_gossypinus,1,18,22374.68283751327
Peromyscus_gossypinus,1,19,90631.0338753993
Peromyscus_gossypinus,1,20,62793.019536535685
Peromyscus_gossypinus,1,21,24662.90744397347
Peromyscus_gossypinus,1,22,206239.0394537543
Peromyscus_gossypinus,1,23,84362.2157293128
Peromyscus_gossypinus,1,24,66212.21277286217
Peromyscus_gossypinus,1,25,27721.209398097457
Peromyscus_gossypinus,1,26,311310.7864433368
Peromyscus_gossypinus,1,27,40409.159464542514
Peromyscus_gossypinus,1,28,23963.086435071957
Peromyscus_gossypinus,1,29,20931.87007499114
Peromyscus_gossypinus,1,30,27198.530184530602
Peromyscus_gossypinus,1,31,33583.999248974564
Peromyscus_gossypinus,1,32,8267.934635971747
Peromyscus_gossypinus,1,33,37457.69085085435
Peromyscus_gossypinus,1,34,25811.419788928357
Peromyscus_gossypinus,1,35,87091.34396851082
Peromyscus_gossypinus,1,36,67747.66706173825
Peromyscus_gossypinus,1,37,60354.871644491206
Peromyscus_gossypinus,1,38,188546.63127948175
Peromyscus_gossypinus,1,39,58390.96563548703
Peromyscus_gossypinus,1,40,32081.749243051607
Peromyscus_gossypinus,1,41,34646.78564207348
Peromyscus_gossypinus,1,42,50803.96756827163
Peromyscus_gossypinus,1,43,1105.3548614730323
Peromyscus_gossypinus,1,44,17041.9902083973
Peromyscus_gossypinus,1,45,30316.164368471065
Peromyscus_gossypinus,1,46,15130.220645547277
Peromyscus_gossypinus,1,47,3994.5763533327126
Peromyscus_gossypinus,1,48,4998.546143171566
Peromyscus_gossypinus,1,49,326.89772043480696
Peromyscus_gossypinus,1,50,21094.6541675006
Peromyscus_gossypinus,1,70,70.36297869452994
Peromyscus_gossypinus,1,73,89.43296059706299
Peromyscus_gossypinus,1,78,19.30767687139032
Peromyscus_gossypinus,1,84,57.17087387261893
Peromyscus_gossypinus,1,92,98.27451692308864
Peromyscus_gossypinus,1,94,111.81501810716615
Peromyscus_gossypinus,2,0,18619.887928721866
Peromyscus_gossypinus,2,1,12508.832916456888
Peromyscus_gossypinus,2,2,23420.30702595515
Peromyscus_gossypinus,2,3,16550.488514861743
Peromyscus_gossypinus,2,4,4563.124708262867
Peromyscus_gossypinus,2,5,2562.413684726145
Peromyscus_gossypinus,2,6,4277.030184851005
Peromyscus_gossypinus,2,7,6909.768141362471
Peromyscus_gossypinus,2,8,3307.9297931601377
Peromyscus_gossypinus,2,9,10235.230240146097
Peromyscus_gossypinus,2,10,6081.542030920581
Peromyscus_gossypinus,2,11,2714.834650459155
Peromyscus_gossypinus,2,12,2212.923763931767
Peromyscus_gossypinus,2,13,4098.1872653515065
Peromyscus_gossypinus,2,14,7243.413813624984
Peromyscus_gossypinus,2,15,2307.8482908382634
Peromyscus_gossypinus,2,16,2872.298352567548
Peromyscus_gossypinus,2,17,9869.55684717295
Peromyscus_gossypinus,2,18,1376.9000077231026
Peromyscus_gossypinus,2,19,3470.315591955101
Peromyscus_gossypinus,2,20,1931.5490902548074
Peromyscus_gossypinus,2,21,1280.5513292728938
Peromyscus_gossypinus,2,22,9725.865742928741
Peromyscus_gossypinus,2,23,18187.05475676362
Peromyscus_gossypinus,2,24,2285.017903947496
Peromyscus_gossypinus,2,25,1069.0003638671444
Peromyscus_gossypinus,2,26,109928.26998713273
Peromyscus_gossypinus,2,27,2267.6200352975493
Peromyscus_gossypinus,2,28,1275.807666813095
Peromyscus_gossypinus,2,29,833.3331297553646
Peromyscus_gossypinus,2,30,1113.2148602119528
Peromyscus_gossypinus,2,31,11397.090925345165
Peromyscus_gossypinus,2,32,541.3934927085586
Peromyscus_gossypinus,2,33,1604.5441631380972
Peromyscus_gossypinus,2,34,1992.782936648562
Peromyscus_gossypinus,2,35,44216.766828411244
Peromyscus_gossypinus,2,36,24741.71084862547
Peromyscus_gossypinus,2,37,22551.56539894751
Peromyscus_gossypinus,2,38,8047.188007543277
Peromyscus_gossypinus,2,39,2107.175942016334
Peromyscus_gossypinus,2,40,13245.537100990525
Peromyscus_gossypinus,2,41,2009.1901019855366
Peromyscus_gossypinus,2,42,18641.32874704027
Peromyscus_gossypinus,2,43,66.22851166264303
Peromyscus_gossypinus,2,44,7120.239102295953
Peromyscus_gossypinus,2,45,7561.7858684116345
Peromyscus_gossypinus,2,46,6937.71193457276
Peromyscus_gossypinus,2,47,1865.7482101994108
Peromyscus_gossypinus,2,48,2376.713886937716
Peromyscus_gossypinus,2,49,202.10238621542868
Peromyscus_gossypinus,2,50,1130.6871806655276
Peromyscus_gossypinus,2,70,3.6370213054700757
Peromyscus_gossypinus,2,73,20.567039402936977
Peromyscus_gossypinus,2,78,0.6923231286096778
Peromyscus_gossypinus,2,84,25.829126127380984
Peromyscus_gossypinus,2,92,33.55877241322253
Peromyscus_gossypinus,2,94,21.18498189283383
Peromyscus_leucopus,1,0,42047.90122066572
Peromyscus_leucopus,1,1,36226.25534803082
Peromyscus_leucopus,1,2,47444.27525450607
Peromyscus_leucopus,1,3,20484.071456262227
Peromyscus_leucopus,1,4,45761.16005274598
Peromyscus_leucopus,1,5,20009.70940016617
Peromyscus_leucopus,1,6,40503.47164142239
Peromyscus_leucopus,1,7,23538.39708020692
Peromyscus_leucopus,1,8,22211.426566068847
Peromyscus_leucopus,1,9,21285.8239085399
Peromyscus_leucopus,1,10,14402.187940151567
Peromyscus_leucopus,1,11,11068.517750945426
Peromyscus_leucopus,1,12,25408.69438986348
Peromyscus_leucopus,1,13,8794.593829211308
Peromyscus_leucopus,1,14,19463.013019437898
Peromyscus_leucopus,1,15,22698.022727118692
Peromyscus_leucopus,1,16,62604.34270404787
Peromyscus_leucopus,1,17,40741.17894581232
Peromyscus_leucopus,1,18,22130.617611837166
Peromyscus_leucopus,1,19,5534.177292188333
Peromyscus_leucopus,1,20,17909.88431962769
Peromyscus_leucopus,1,21,19316.45809926814
Peromyscus_leucopus,1,22,37015.006071204705
Peromyscus_leucopus,1,23,28994.785927499724
Peromyscus_leucopus,1,24,18527.265654149298
Peromyscus_leucopus,1,25,7141.049939756635
Peromyscus_leucopus,1,26,83344.62511422843
Peromyscus_leucopus,1,27,86293.90014614114
Peromyscus_leucopus,1,28,7238.134257578677
Peromyscus_leucopus,1,29,7197.7857250694005
Peromyscus_leucopus,1,30,6017.6958380481965
Peromyscus_leucopus,1,31,31125.70676953671
Peromyscus_leucopus,1,32,1353.6350206303161
Peromyscus_leucopus,1,33,9555.743600590617
Peromyscus_leucopus,1,34,1810.332271436689
Peromyscus_leucopus,1,35,45995.23836544856
Peromyscus_leucopus,1,36,35170.38044222658
Peromyscus_leucopus,1,37,33763.21372318824
Peromyscus_leucopus,1,38,159199.97708117627
Peromyscus_leucopus,1,39,4516.463706814143
Peromyscus_leucopus,1,40,26680.542828777914
Peromyscus_leucopus,1,41,7442.811028348327
Peromyscus_leucopus,1,42,28178.868972824253
Peromyscus_leucopus,1,43,60.27069981007369
Peromyscus_leucopus,1,44,9360.856057292109
Peromyscus_leucopus,1,45,3376.067609173071
Peromyscus_leucopus,1,46,5243.74140997627
Peromyscus_leucopus,1,47,6283.552154094127
Peromyscus_leucopus,1,48,6407.657718546804
Peromyscus_leucopus,1,49,223.73593166946702
Peromyscus_leucopus,1,83,15.759582753784015
Peromyscus_leucopus,2,0,2119.7776812310385
Peromyscus_leucopus,2,1,1286.6136173311786
Peromyscus_leucopus,2,2,2979.9496882225894
Peromyscus_leucopus,2,3,908.7504117820606
Peromyscus_leucopus,2,4,1611.943258707363
Peromyscus_leucopus,2,5,328.3703282601451
Peromyscus_leucopus,2,6,1502.4454444466896
Peromyscus_leucopus,2,7,201.5501102373191
Peromyscus_leucopus,2,8,164.12884534142844
Peromyscus_leucopus,2,9,1176.9705597772374
Peromyscus_leucopus,2,10,117.22539519867387
Peromyscus_leucopus,2,11,223.8587904535401
Peromyscus_leucopus,2,12,272.34446447842447
Peromyscus_leucopus,2,13,256.85869800538956
Peromyscus_leucopus,2,14,2476.086792166872
Peromyscus_leucopus,2,15,248.57267163463607
Peromyscus_leucopus,2,16,1190.6227568758832
Peromyscus_leucopus,2,17,1051.2098948744956
Peromyscus_leucopus,2,18,549.9656981920149
Peromyscus_leucopus,2,19,72.65304030909097
Peromyscus_leucopus,2,20,173.03548012699449
Peromyscus_leucopus,2,21,386.0395293901185
Peromyscus_leucopus,2,22,765.2591140360172
Peromyscus_leucopus,2,23,7195.710539806013
Peromyscus_leucopus,2,24,171.32441968711802
Peromyscus_leucopus,2,25,85.25670766915593
Peromyscus_leucopus,2,26,122642.56764587609
Peromyscus_leucopus,2,27,1334.8636532740466
Peromyscus_leucopus,2,28,214.8689040380125
Peromyscus_leucopus,2,29,131.71063956445568
Peromyscus_leucopus,2,30,79.68906079327252
Peromyscus_leucopus,2,31,6507.69908469874
Peromyscus_leucopus,2,32,30.54568982805322
Peromyscus_leucopus,2,33,99.59664681229216
Peromyscus_leucopus,2,34,42.701663985733056
Peromyscus_leucopus,2,35,47344.092276557734
Peromyscus_leucopus,2,36,8432.690075442995
Peromyscus_leucopus,2,37,7652.253354588898
Peromyscus_leucopus,2,38,2643.2886947372804
Peromyscus_leucopus,2,39,53.440107521361845
Peromyscus_leucopus,2,40,5692.363208541022
Peromyscus_leucopus,2,41,180.07851609683675
Peromyscus_leucopus,2,42,6798.9467442200985
Peromyscus_leucopus,2,43,1.3296122915808193
Peromyscus_leucopus,2,44,2042.4851929456422
Peromyscus_leucopus,2,45,289.2541424348482
Peromyscus_leucopus,2,46,1021.6496913563719
Peromyscus_leucopus,2,47,1314.61444267046
Peromyscus_leucopus,2,48,1364.3544699051652
Peromyscus_leucopus,2,49,53.74163253818482
Peromyscus_leucopus,2,83,0.28001938837482304
Peromyscus_maniculatus,1,0,1207009.4047858913
Peromyscus_maniculatus,1,1,790194.1816981585
Peromyscus_maniculatus,1,2,1017762.5564568135
Peromyscus_maniculatus,1,3,703553.7618719334
Peromyscus_maniculatus,1,4,792482.870857555
Peromyscus_maniculatus,1,5,619860.8197179349
Peromyscus_maniculatus,1,6,689320.3817532202
Peromyscus_maniculatus,1,7,914567.0242289954
Peromyscus_maniculatus,1,8,759279.7594349803
Peromyscus_maniculatus,1,9,358115.6010885993
Peromyscus_maniculatus,1,10,747949.4598585935
Peromyscus_maniculatus,1,11,423378.85461752425
Peromyscus_maniculatus,1,12,485037.5246083501
Peromyscus_maniculatus,1,13,316076.1739424615
Peromyscus_maniculatus,1,14,788229.6442160124
Peromyscus_maniculatus,1,15,472022.4674654767
Peromyscus_maniculatus,1,16,1695873.5159078166
Peromyscus_maniculatus,1,17,1403838.317955165
Peromyscus_maniculatus,1,18,379936.8325602408
Peromyscus_maniculatus,1,19,613382.1019025644
Peromyscus_maniculatus,1,20,624379.7982503175
Peromyscus_maniculatus,1,21,364270.15228247346
Peromyscus_maniculatus,1,22,507024.2060006476
Peromyscus_maniculatus,1,23,794674.3058406294
Peromyscus_maniculatus,1,24,460762.6407787437
Peromyscus_maniculatus,1,25,375783.96567315975
Peromyscus_maniculatus,1,26,552474.5596915155
Peromyscus_maniculatus,1,27,808390.4855637279
Peromyscus_maniculatus,1,28,520659.18365418416
Peromyscus_maniculatus,1,29,423868.43191576935
Peromyscus_maniculatus,1,30,371022.340874346
Peromyscus_maniculatus,1,31,395327.14319275983
Peromyscus_maniculatus,1,32,147263.21821601546
Peromyscus_maniculatus,1,33,409053.4603129204
Peromyscus_maniculatus,1,34,65795.45869870235
Peromyscus_maniculatus,1,35,628665.5810395099
Peromyscus_maniculatus,1,36,578149.7031407824
Peromyscus_maniculatus,1,37,601297.0079766595
Peromyscus_maniculatus,1,38,198948.13931281565
Peromyscus_maniculatus,1,39,120336.57838387144
Peromyscus_maniculatus,1,40,381266.8977309474
Peromyscus_maniculatus,1,41,460358.3215885583
Peromyscus_maniculatus,1,42,254254.7239890596
Peromyscus_maniculatus,1,43,8679.898622942987
Peromyscus_maniculatus,1,44,112817.44046892964
Peromyscus_maniculatus,1,45,108309.2504092383
Peromyscus_maniculatus,1,46,105999.19588458708
Peromyscus_maniculatus,1,47,52299.49108869869
Peromyscus_maniculatus,1,48,44395.99121810407
Peromyscus_maniculatus,1,49,8596.980793094834
Peromyscus_maniculatus,1,50,9.761963415998988
Peromyscus_maniculatus,1,51,9.447997949976578
Peromyscus_maniculatus,1,52,331.2412957083356
Peromyscus_maniculatus,1,53,31.625641451546908
Peromyscus_maniculatus,1,54,19.962219459259977
Peromyscus_maniculatus,1,55,57.52162829376711
Peromyscus_maniculatus,1,56,3.614349402745181
Peromyscus_maniculatus,1,57,6.604157656025647
Peromyscus_maniculatus,1,60,64.35282878890293
Peromyscus_maniculatus,1,61,29.403142657072813
Peromyscus_maniculatus,1,62,91.85600251789387
Peromyscus_maniculatus,1,64,16.486572019841862
Peromyscus_maniculatus,1,65,26.687402655580517
Peromyscus_maniculatus,1,67,65.40798738504795
Peromyscus_maniculatus,1,68,21.686096416471084
Peromyscus_maniculatus,1,69,34.51802064309933
Peromyscus_maniculatus,1,72,47.238936273071026
Peromyscus_maniculatus,1,80,50.36347726252035
Peromyscus_maniculatus,1,81,47.402995119241275
Peromyscus_maniculatus,1,82,91.00438908457092
Peromyscus_maniculatus,1,85,43.359153824641325
Peromyscus_maniculatus,1,86,15.624385633342477
Peromyscus_maniculatus,1,87,32.23636816332744
Peromyscus_maniculatus,1,88,47.1049471712265
Peromyscus_maniculatus,1,89,1.8071747013725905
Peromyscus_maniculatus,1,90,5.764420431644214
Peromyscus_maniculatus,1,91,0.9754665545448945
Peromyscus_maniculatus,1,95,47.31319080780796
Peromyscus_maniculatus,2,0,40907.02704445981
Peromyscus_maniculatus,2,1,25892.79360308534
Peromyscus_maniculatus,2,2,45455.48995855163
Peromyscus_maniculatus,2,3,22042.144361440503
Peromyscus_maniculatus,2,4,25203.681595869835
Peromyscus_maniculatus,2,5,12839.191742337902
Peromyscus_maniculatus,2,6,22306.597850659382
Peromyscus_maniculatus,2,7,17795.890610458257
Peromyscus_maniculatus,2,8,10987.589332454203
Peromyscus_maniculatus,2,9,15361.492604029825
Peromyscus_maniculatus,2,10,13544.793111614239
Peromyscus_maniculatus,2,11,8702.228428200677
Peromyscus_maniculatus,2,12,8386.086223521546
Peromyscus_maniculatus,2,13,8712.75091397277
Peromyscus_maniculatus,2,14,63275.15253039033
Peromyscus_maniculatus,2,15,7936.568590610248
Peromyscus_maniculatus,2,16,33256.837221413705
Peromyscus_maniculatus,2,17,31571.596259763304
Peromyscus_maniculatus,2,18,11392.740323461103
Peromyscus_maniculatus,2,19,13618.442768048291
Peromyscus_maniculatus,2,20,13273.15609681458
Peromyscus_maniculatus,2,21,10146.260125849596
Peromyscus_maniculatus,2,22,11135.86417209865
Peromyscus_maniculatus,2,23,106899.80790472678
Peromyscus_maniculatus,2,24,10709.118737418574
Peromyscus_maniculatus,2,25,9481.374419437238
Peromyscus_maniculatus,2,26,177434.96318574462
Peromyscus_maniculatus,2,27,17132.86433031385
Peromyscus_maniculatus,2,28,14815.498421445644
Peromyscus_maniculatus,2,29,11832.935135613054
Peromyscus_maniculatus,2,30,9714.836313758251
Peromyscus_maniculatus,2,31,70745.61328257438
Peromyscus_maniculatus,2,32,3165.6378720860503
Peromyscus_maniculatus,2,33,12200.281146978608
Peromyscus_maniculatus,2,34,1718.0205385328782
Peromyscus_maniculatus,2,35,226910.88090644917
Peromyscus_maniculatus,2,36,119652.41659217229
Peromyscus_maniculatus,2,37,115669.16111639807
Peromyscus_maniculatus,2,38,3681.572636813782
Peromyscus_maniculatus,2,39,2781.432248480821
Peromyscus_maniculatus,2,40,74037.57275724609
Peromyscus_maniculatus,2,41,14193.913119177712
Peromyscus_maniculatus,2,42,48263.343596995546
Peromyscus_maniculatus,2,43,178.83457130490004
Peromyscus_maniculatus,2,44,22926.31747600918
Peromyscus_maniculatus,2,45,10029.040182495028
Peromyscus_maniculatus,2,46,22511.766904822955
Peromyscus_maniculatus,2,47,13450.296160253962
Peromyscus_maniculatus,2,48,10827.867036328347
Peromyscus_maniculatus,2,49,2250.5590204667565
Peromyscus_maniculatus,2,50,0.1827476455908558
Peromyscus_maniculatus,2,51,0.30437578533342785
Peromyscus_maniculatus,2,52,14.758704291664047
Peromyscus_maniculatus,2,53,0.6168620394992822
Peromyscus_maniculatus,2,54,0.6810228665267988
Peromyscus_maniculatus,2,55,1.9700330712011245
Peromyscus_maniculatus,2,56,0.3856505972548188
Peromyscus_maniculatus,2,57,0.19604823526514023
Peromyscus_maniculatus,2,60,2.1546426234196225
Peromyscus_maniculatus,2,61,0.5683153273972901
Peromyscus_maniculatus,2,62,1.1494348863315147
Peromyscus_maniculatus,2,64,0.5134279801581355
Peromyscus_maniculatus,2,65,0.3125973444194972
Peromyscus_maniculatus,2,67,2.5920126149520684
Peromyscus_maniculatus,2,68,2.313903583528913
Peromyscus_maniculatus,2,69,0.48197935690066646
Peromyscus_maniculatus,2,72,0.761063726929
Peromyscus_maniculatus,2,80,0.6365227374796062
Peromyscus_maniculatus,2,81,3.597004880758669
Peromyscus_maniculatus,2,82,8.995610915429175
Peromyscus_maniculatus,2,85,0.640846175358715
Peromyscus_maniculatus,2,86,0.37561436665751835
Peromyscus_maniculatus,2,87,0.7636318366725514
Peromyscus_maniculatus,2,88,4.895052828773501
Peromyscus_maniculatus,2,89,0.1928252986274094
Peromyscus_maniculatus,2,90,0.22175733375324666
Peromyscus_maniculatus,2,91,0.024533445455105506
Peromyscus_maniculatus,2,95,0.6868091921920062
Peromyscus_polionotus,1,0,289114.50852992863
Peromyscus_polionotus,1,1,273642.384819784
Peromyscus_polionotus,1,2,220917.63695273336
Peromyscus_polionotus,1,3,112407.26074364953
Peromyscus_polionotus,1,4,208961.69975421924
Peromyscus_polionotus,1,5,192542.959534179
Peromyscus_polionotus,1,6,183552.37223690524
Peromyscus_polionotus,1,7,125132.37781827185
Peromyscus_polionotus,1,8,176480.00538327178
Peromyscus_polionotus,1,9,136656.23922344318
Peromyscus_polionotus,1,10,72580.62751102663
Peromyscus_polionotus,1,11,129920.23795732911
Peromyscus_polionotus,1,12,92252.68248703955
Peromyscus_polionotus,1,13,143683.29020644914
Peromyscus_polionotus,1,14,426715.9435438167
Peromyscus_polionotus,1,15,112108.83444555796
Peromyscus_polionotus,1,16,223118.56208438243
Peromyscus_polionotus,1,17,189468.9567800576
Peromyscus_polionotus,1,18,142551.13247395118
Peromyscus_polionotus,1,19,109289.93612132953
Peromyscus_polionotus,1,20,111155.92476988475
Peromyscus_polionotus,1,21,115390.00738067758
Peromyscus_polionotus,1,22,230244.88627282486
Peromyscus_polionotus,1,23,237507.42890752334
Peromyscus_polionotus,1,24,82989.32096385938
Peromyscus_polionotus,1,25,64112.35236662338
Peromyscus_polionotus,1,26,83075.4183850175
Peromyscus_polionotus,1,27,31442.57862321933
Peromyscus_polionotus,1,28,183332.6894123453
Peromyscus_polionotus,1,29,208419.05623592268
Peromyscus_polionotus,1,30,91469.14195475621
Peromyscus_polionotus,1,31,92099.67824572744
Peromyscus_polionotus,1,32,114087.13860496304
Peromyscus_polionotus,1,33,47659.73827722252
Peromyscus_polionotus,1,34,30597.345343207715
Peromyscus_polionotus,1,35,81943.06204211686
Peromyscus_polionotus,1,36,85429.74179767378
Peromyscus_polionotus,1,37,73553.57184354964
Peromyscus_polionotus,1,38,135447.51789589325
Peromyscus_polionotus,1,39,40234.903620596786
Peromyscus_polionotus,1,40,72540.91140690629
Peromyscus_polionotus,1,41,72592.47647700596
Peromyscus_polionotus,1,42,62863.82574919433
Peromyscus_polionotus,1,43,1808.2688439137578
Peromyscus_polionotus,1,44,20169.242983539265
Peromyscus_polionotus,1,45,28339.768442075012
Peromyscus_polionotus,1,46,30829.27908558213
Peromyscus_polionotus,1,47,23897.88808498169
Peromyscus_polionotus,1,48,24129.744364474325
Peromyscus_polionotus,1,49,1944.8419295843569
Peromyscus_polionotus,1,51,2.4648881553947497
Peromyscus_polionotus,1,52,28.735714573018726
Peromyscus_polionotus,1,54,3.0668579720028153
Peromyscus_polionotus,1,58,29.079578390162617
Peromyscus_polionotus,1,65,18.04864299486789
Peromyscus_polionotus,1,66,24.399690442681692
Peromyscus_polionotus,1,74,70.97288942233061
Peromyscus_polionotus,1,80,41.86083553736449
Peromyscus_polionotus,1,82,6.925219076264413
Peromyscus_polionotus,2,0,53745.93808653949
Peromyscus_polionotus,2,1,49127.2465431581
Peromyscus_polionotus,2,2,51017.10873180381
Peromyscus_polionotus,2,3,18539.422895972162
Peromyscus_polionotus,2,4,36938.90657032734
Peromyscus_polionotus,2,5,25662.02672857547
Peromyscus_polionotus,2,6,31528.730892811513
Peromyscus_polionotus,2,7,11990.714322199843
Peromyscus_polionotus,2,8,16566.954979975526
Peromyscus_polionotus,2,9,31658.973695947494
Peromyscus_polionotus,2,10,6633.443488071857
Peromyscus_polionotus,2,11,15276.488518893464
Peromyscus_polionotus,2,12,9172.666321254817
Peromyscus_polionotus,2,13,21605.46807356892
Peromyscus_polionotus,2,14,157978.76463649713
Peromyscus_polionotus,2,15,12431.732005606684
Peromyscus_polionotus,2,16,26112.53929147863
Peromyscus_polionotus,2,17,28919.049178314246
Peromyscus_polionotus,2,18,29567.97366352875
Peromyscus_polionotus,2,19,14319.71825331418
Peromyscus_polionotus,2,20,11256.885435404123
Peromyscus_polionotus,2,21,20339.535936075128
Peromyscus_polionotus,2,22,33843.40883780176
Peromyscus_polionotus,2,23,83370.79231070106
Peromyscus_polionotus,2,24,9482.477465659807
Peromyscus_polionotus,2,25,6874.712367392747
Peromyscus_polionotus,2,26,34082.819059679496
Peromyscus_polionotus,2,27,3370.069518761593
Peromyscus_polionotus,2,28,30715.595622162793
Peromyscus_polionotus,2,29,31658.455168960878
Peromyscus_polionotus,2,30,10431.396320274724
Peromyscus_polionotus,2,31,95813.10732047773
Peromyscus_polionotus,2,32,13359.349704151582
Peromyscus_polionotus,2,33,7686.784728942742
Peromyscus_polionotus,2,34,3930.0780991687825
Peromyscus_polionotus,2,35,104635.09722090673
Peromyscus_polionotus,2,36,102244.28872641339
Peromyscus_polionotus,2,37,89231.83318831779
Peromyscus_polionotus,2,38,19767.63364518474
Peromyscus_polionotus,2,39,5070.453811188498
Peromyscus_polionotus,2,40,78667.62813201045
Peromyscus_polionotus,2,41,16725.659266820785
Peromyscus_polionotus,2,42,104591.8354915261
Peromyscus_polionotus,2,43,202.38815182210334
Peromyscus_polionotus,2,44,28896.895311927234
Peromyscus_polionotus,2,45,13216.700781496911
Peromyscus_polionotus,2,46,55526.79203443714
Peromyscus_polionotus,2,47,46112.349226547805
Peromyscus_polionotus,2,48,46902.59845010706
Peromyscus_polionotus,2,49,3447.5856721676078
Peromyscus_polionotus,2,51,0.7504087958642016
Peromyscus_polionotus,2,52,7.856503504744781
Peromyscus_polionotus,2,54,0.7646510974831818
Peromyscus_polionotus,2,58,4.993195657637111
Peromyscus_polionotus,2,65,2.6033667343250406
Peromyscus_polionotus,2,66,0.818670732284145
Peromyscus_polionotus,2,74,40.506619536007605
Peromyscus_polionotus,2,80,7.588190845417787
Peromyscus_polionotus,2,82,5.074780923735588
