individual_id,species,available_sample_rows,species_sample_budget,pca_fit_sample_rows
Mus_caroli__subject__CAROLI-F-2L-741,Mus_caroli,8641,60480,2813
Mus_caroli__subject__CAROLI-F-L-737,Mus_caroli,12961,60480,4220
Mus_caroli__subject__CAROLI-F-L-741,Mus_caroli,12961,60480,4220
Mus_caroli__subject__CAROLI-F-LR-741,Mus_caroli,12961,60480,4220
Mus_caroli__subject__CAROLI-F-N-740,Mus_caroli,12961,60480,4220
Mus_caroli__subject__CAROLI-F-N-741,Mus_caroli,12961,60480,4220
Mus_caroli__subject__CAROLI-F-R-737,Mus_caroli,12961,60480,4220
Mus_caroli__subject__CAROLI-F-R-741,Mus_caroli,12961,60480,4220
Mus_caroli__subject__CAROLI-M-L-734,Mus_caroli,12961,60480,4219
Mus_caroli__subject__CAROLI-M-L-735,Mus_caroli,12961,60480,4219
Mus_caroli__subject__CAROLI-M-L-738,Mus_caroli,12961,60480,4219
Mus_caroli__subject__CAROLI-M-LR-734,Mus_caroli,8641,60480,2813
Mus_caroli__subject__CAROLI-M-N-739,Mus_caroli,12961,60480,4219
Mus_caroli__subject__CAROLI-M-R-734,Mus_caroli,12961,60480,4219
Mus_caroli__subject__CAROLI-M-R-738,Mus_caroli,12961,60480,4219
Mus_musculus__subject__40256.0,Mus_musculus,12960,60480,457
Mus_musculus__subject__40257.0,Mus_musculus,12960,60480,457
Mus_musculus__subject__40258.0,Mus_musculus,8640,60480,305
Mus_musculus__subject__40259.0,Mus_musculus,8640,60480,305
Mus_musculus__subject__40260.0,Mus_musculus,8640,60480,305
Mus_musculus__subject__40261.0,Mus_musculus,12960,60480,457
Mus_musculus__subject__40262.0,Mus_musculus,12960,60480,457
Mus_musculus__subject__40263.0,Mus_musculus,8640,60480,304
Mus_musculus__subject__40264.0,Mus_musculus,12960,60480,457
Mus_musculus__subject__40265.0,Mus_musculus,4320,60480,152
Mus_musculus__subject__40266.0,Mus_musculus,12960,60480,457
Mus_musculus__subject__40267.0,Mus_musculus,12960,60480,457
Mus_musculus__subject__40268.0,Mus_musculus,12960,60480,457
Mus_musculus__subject__40269.0,Mus_musculus,12960,60480,457
Mus_musculus__subject__40270.0,Mus_musculus,8640,60480,304
Mus_musculus__subject__40271.0,Mus_musculus,12960,60480,457
Mus_musculus__subject__CAST-F-L-CM1,Mus_musculus,30242,60480,1066
Mus_musculus__subject__CAST-F-L-CM2,Mus_musculus,30242,60480,1066
Mus_musculus__subject__CAST-F-LR-CM1,Mus_musculus,34562,60480,1219
Mus_musculus__subject__CAST-F-LR-CM2,Mus_musculus,34562,60480,1219
Mus_musculus__subject__CAST-F-N-CM1,Mus_musculus,34562,60480,1219
Mus_musculus__subject__CAST-F-N-CM2,Mus_musculus,30242,60480,1066
Mus_musculus__subject__CAST-F-R-CM1,Mus_musculus,34562,60480,1219
Mus_musculus__subject__CAST-F-R-CM2,Mus_musculus,34562,60480,1219
Mus_musculus__subject__CAST-M-L-CM3,Mus_musculus,34562,60480,1219
Mus_musculus__subject__CAST-M-L-CM4,Mus_musculus,21601,60480,762
Mus_musculus__subject__CAST-M-LR-CM3,Mus_musculus,34562,60480,1219
Mus_musculus__subject__CAST-M-LR-CM4,Mus_musculus,30242,60480,1066
Mus_musculus__subject__CAST-M-N-CM3,Mus_musculus,34562,60480,1219
Mus_musculus__subject__CAST-M-N-CM4,Mus_musculus,30242,60480,1066
Mus_musculus__subject__CAST-M-R-CM3,Mus_musculus,30242,60480,1066
Mus_musculus__subject__CAST-M-R-CM4,Mus_musculus,30242,60480,1066
Mus_musculus__subject__DO-F-L-143,Mus_musculus,12961,60480,457
Mus_musculus__subject__DO-F-L-144,Mus_musculus,12961,60480,457
Mus_musculus__subject__DO-F-LR-143,Mus_musculus,12961,60480,457
Mus_musculus__subject__DO-F-LR-144,Mus_musculus,12961,60480,457
Mus_musculus__subject__DO-F-N-143,Mus_musculus,12961,60480,457
Mus_musculus__subject__DO-F-N-144,Mus_musculus,12961,60480,457
Mus_musculus__subject__DO-F-R-143,Mus_musculus,12961,60480,457
Mus_musculus__subject__DO-F-R-144,Mus_musculus,12961,60480,457
Mus_musculus__subject__DO-M-2L-142,Mus_musculus,12961,60480,457
Mus_musculus__subject__DO-M-2R-142,Mus_musculus,12961,60480,457
Mus_musculus__subject__DO-M-L-141,Mus_musculus,12961,60480,457
Mus_musculus__subject__DO-M-L-142,Mus_musculus,12961,60480,457
Mus_musculus__subject__DO-M-LR-141,Mus_musculus,12961,60480,457
Mus_musculus__subject__DO-M-R-141,Mus_musculus,8641,60480,305
Mus_musculus__subject__DO-M-R-142,Mus_musculus,12961,60480,457
Mus_musculus__subject__F1-F-L-159,Mus_musculus,8641,60480,305
Mus_musculus__subject__F1-F-R-159,Mus_musculus,12961,60480,457
Mus_musculus__subject__F1-M-L-166,Mus_musculus,8641,60480,305
Mus_musculus__subject__F1-M-R-166,Mus_musculus,8641,60480,305
Mus_musculus__subject__MOLF-F-2L-133,Mus_musculus,25921,60480,914
Mus_musculus__subject__MOLF-F-L-131,Mus_musculus,21601,60480,762
Mus_musculus__subject__MOLF-F-L-133,Mus_musculus,25921,60480,914
Mus_musculus__subject__MOLF-F-LR-133,Mus_musculus,34562,60480,1219
Mus_musculus__subject__MOLF-F-N-133,Mus_musculus,25921,60480,914
Mus_musculus__subject__MOLF-F-R-131,Mus_musculus,25921,60480,914
Mus_musculus__subject__MOLF-F-R-133,Mus_musculus,25921,60480,914
Mus_musculus__subject__MOLF-M-L-132,Mus_musculus,30242,60480,1066
Mus_musculus__subject__MOLF-M-LR-132,Mus_musculus,4321,60480,152
Mus_musculus__subject__MOLF-M-N-132,Mus_musculus,34562,60480,1219
Mus_musculus__subject__MOLF-M-R-132,Mus_musculus,30242,60480,1066
Mus_musculus__subject__PWK-F-L-833,Mus_musculus,25921,60480,914
Mus_musculus__subject__PWK-F-L-834,Mus_musculus,25921,60480,914
Mus_musculus__subject__PWK-F-LR-833,Mus_musculus,25921,60480,914
Mus_musculus__subject__PWK-F-LR-834,Mus_musculus,25921,60480,914
Mus_musculus__subject__PWK-F-N-833,Mus_musculus,25921,60480,914
Mus_musculus__subject__PWK-F-N-834,Mus_musculus,25921,60480,914
Mus_musculus__subject__PWK-F-R-833,Mus_musculus,21601,60480,762
Mus_musculus__subject__PWK-F-R-834,Mus_musculus,25921,60480,914
Mus_musculus__subject__PWK-M-L-831,Mus_musculus,25921,60480,914
Mus_musculus__subject__PWK-M-L-832,Mus_musculus,25921,60480,914
Mus_musculus__subject__PWK-M-LR-831,Mus_musculus,25921,60480,914
Mus_musculus__subject__PWK-M-LR-832,Mus_musculus,17281,60480,609
Mus_musculus__subject__PWK-M-N-831,Mus_musculus,25921,60480,914
Mus_musculus__subject__PWK-M-N-832,Mus_musculus,25921,60480,914
Mus_musculus__subject__PWK-M-R-831,Mus_musculus,25921,60480,914
Mus_musculus__subject__PWK-M-R-832,Mus_musculus,25921,60480,914
Mus_musculus__subject__WSB-F-L-235,Mus_musculus,4321,60480,152
Mus_musculus__subject__WSB-F-L-236,Mus_musculus,4321,60480,152
Mus_musculus__subject__WSB-F-LR-235,Mus_musculus,8641,60480,305
Mus_musculus__subject__WSB-F-LR-236,Mus_musculus,8641,60480,305
Mus_musculus__subject__WSB-F-N-235,Mus_musculus,8641,60480,305
Mus_musculus__subject__WSB-F-R-235,Mus_musculus,4321,60480,152
Mus_musculus__subject__WSB-F-R-236,Mus_musculus,4321,60480,152
Mus_musculus__subject__WSB-M-2L-234,Mus_musculus,8641,60480,305
Mus_musculus__subject__WSB-M-L-233,Mus_musculus,8641,60480,305
Mus_musculus__subject__WSB-M-L-234,Mus_musculus,8641,60480,305
Mus_musculus__subject__WSB-M-LR-233,Mus_musculus,8641,60480,305
Mus_musculus__subject__WSB-M-LR-234,Mus_musculus,8641,60480,305
Mus_musculus__subject__WSB-M-N-234,Mus_musculus,8641,60480,305
Mus_musculus__subject__WSB-M-R-233,Mus_musculus,8641,60480,305
Mus_musculus__subject__WSB-M-R-234,Mus_musculus,8641,60480,305
Mus_spretus__subject__SPRET-F-L-730,Mus_spretus,12961,60480,4032
Mus_spretus__subject__SPRET-F-L-732,Mus_spretus,12961,60480,4032
Mus_spretus__subject__SPRET-F-L-742,Mus_spretus,12961,60480,4032
Mus_spretus__subject__SPRET-F-LR-730,Mus_spretus,12961,60480,4032
Mus_spretus__subject__SPRET-F-N-731,Mus_spretus,8641,60480,2688
Mus_spretus__subject__SPRET-F-N-744,Mus_spretus,12961,60480,4032
Mus_spretus__subject__SPRET-F-N-745,Mus_spretus,12961,60480,4032
Mus_spretus__subject__SPRET-F-R-730,Mus_spretus,12961,60480,4032
Mus_spretus__subject__SPRET-F-R-732,Mus_spretus,12961,60480,4032
Mus_spretus__subject__SPRET-F-R-742,Mus_spretus,8641,60480,2688
Mus_spretus__subject__SPRET-F-R-743,Mus_spretus,8641,60480,2688
Mus_spretus__subject__SPRET-M-L-728,Mus_spretus,12961,60480,4032
Mus_spretus__subject__SPRET-M-L-729,Mus_spretus,12961,60480,4032
Mus_spretus__subject__SPRET-M-L-733,Mus_spretus,12961,60480,4032
Mus_spretus__subject__SPRET-M-R-729,Mus_spretus,12961,60480,4032
Mus_spretus__subject__SPRET-M-R-733,Mus_spretus,12961,60480,4032
Peromyscus_californicus__subject__38824.0,Peromyscus_californicus,4320,60480,2520
Peromyscus_californicus__subject__38825.0,Peromyscus_californicus,4320,60480,2520
Peromyscus_californicus__subject__38826.0,Peromyscus_californicus,8640,60480,5040
Peromyscus_californicus__subject__38827.0,Peromyscus_californicus,4320,60480,2520
Peromyscus_californicus__subject__39356.0,Peromyscus_californicus,4320,60480,2520
Peromyscus_californicus__subject__39357.0,Peromyscus_californicus,4320,60480,2520
Peromyscus_californicus__subject__39358.0,Peromyscus_californicus,4320,60480,2520
Peromyscus_californicus__subject__39359.0,Peromyscus_californicus,4320,60480,2520
Peromyscus_californicus__subject__39360.0,Peromyscus_californicus,4320,60480,2520
Peromyscus_californicus__subject__40227.0,Peromyscus_californicus,4320,60480,2520
Peromyscus_californicus__subject__40407.0,Peromyscus_californicus,4320,60480,2520
Peromyscus_californicus__subject__40447.0,Peromyscus_californicus,4320,60480,2520
Peromyscus_californicus__subject__40594.0,Peromyscus_californicus,4320,60480,2520
Peromyscus_californicus__subject__40595.0,Peromyscus_californicus,4320,60480,2520
Peromyscus_californicus__subject__40663.0,Peromyscus_californicus,4320,60480,2520
Peromyscus_californicus__subject__40664.0,Peromyscus_californicus,4320,60480,2520
Peromyscus_californicus__subject__40774.0,Peromyscus_californicus,4320,60480,2520
Peromyscus_californicus__subject__40775.0,Peromyscus_californicus,4320,60480,2520
Peromyscus_californicus__subject__40880.0,Peromyscus_californicus,4320,60480,2520
Peromyscus_californicus__subject__40881.0,Peromyscus_californicus,4320,60480,2520
Peromyscus_californicus__subject__40882.0,Peromyscus_californicus,4320,60480,2520
Peromyscus_californicus__subject__41042.0,Peromyscus_californicus,4320,60480,2520
Peromyscus_californicus__subject__41043.0,Peromyscus_californicus,4320,60480,2520
Peromyscus_gossypinus__subject__37988.0,Peromyscus_gossypinus,4320,60480,3024
Peromyscus_gossypinus__subject__37989.0,Peromyscus_gossypinus,4320,60480,3024
Peromyscus_gossypinus__subject__37990.0,Peromyscus_gossypinus,4320,60480,3024
Peromyscus_gossypinus__subject__38033.0,Peromyscus_gossypinus,4320,60480,3024
Peromyscus_gossypinus__subject__38291.0,Peromyscus_gossypinus,4320,60480,3024
Peromyscus_gossypinus__subject__38305.0,Peromyscus_gossypinus,4320,60480,3024
Peromyscus_gossypinus__subject__38983.0,Peromyscus_gossypinus,4320,60480,3024
Peromyscus_gossypinus__subject__38984.0,Peromyscus_gossypinus,4320,60480,3024
Peromyscus_gossypinus__subject__38985.0,Peromyscus_gossypinus,4320,60480,3024
Peromyscus_gossypinus__subject__38989.0,Peromyscus_gossypinus,4320,60480,3024
Peromyscus_gossypinus__subject__38990.0,Peromyscus_gossypinus,4320,60480,3024
Peromyscus_gossypinus__subject__38991.0,Peromyscus_gossypinus,4320,60480,3024
Peromyscus_gossypinus__subject__38992.0,Peromyscus_gossypinus,4320,60480,3024
Peromyscus_gossypinus__subject__38993.0,Peromyscus_gossypinus,4320,60480,3024
Peromyscus_gossypinus__subject__39060.0,Peromyscus_gossypinus,4320,60480,3024
Peromyscus_gossypinus__subject__39231.0,Peromyscus_gossypinus,4320,60480,3024
Peromyscus_gossypinus__subject__39232.0,Peromyscus_gossypinus,4320,60480,3024
Peromyscus_gossypinus__subject__39233.0,Peromyscus_gossypinus,4320,60480,3024
Peromyscus_gossypinus__subject__39265.0,Peromyscus_gossypinus,4320,60480,3024
Peromyscus_gossypinus__subject__39266.0,Peromyscus_gossypinus,4320,60480,3024
Peromyscus_leucopus__subject__37991.0,Peromyscus_leucopus,4320,60480,4320
Peromyscus_leucopus__subject__37992.0,Peromyscus_leucopus,4320,60480,4320
Peromyscus_leucopus__subject__38207.0,Peromyscus_leucopus,4320,60480,4320
Peromyscus_leucopus__subject__38296.0,Peromyscus_leucopus,4320,60480,4320
Peromyscus_leucopus__subject__38297.0,Peromyscus_leucopus,4320,60480,4320
Peromyscus_leucopus__subject__39026.0,Peromyscus_leucopus,4320,60480,4320
Peromyscus_leucopus__subject__39787.0,Peromyscus_leucopus,4320,60480,4320
Peromyscus_leucopus__subject__39788.0,Peromyscus_leucopus,4320,60480,4320
Peromyscus_leucopus__subject__39811.0,Peromyscus_leucopus,4320,60480,4320
Peromyscus_leucopus__subject__39812.0,Peromyscus_leucopus,4320,60480,4320
Peromyscus_leucopus__subject__39883.0,Peromyscus_leucopus,4320,60480,4320
Peromyscus_leucopus__subject__40923.0,Peromyscus_leucopus,4320,60480,4320
Peromyscus_leucopus__subject__40926.0,Peromyscus_leucopus,4320,60480,4320
Peromyscus_leucopus__subject__40927.0,Peromyscus_leucopus,4320,60480,4320
Peromyscus_maniculatus__subject__28247.0,Peromyscus_maniculatus,4320,60480,412
Peromyscus_maniculatus__subject__28529.0,Peromyscus_maniculatus,4320,60480,412
Peromyscus_maniculatus__subject__34456.0,Peromyscus_maniculatus,4320,60480,412
Peromyscus_maniculatus__subject__34457.0,Peromyscus_maniculatus,4320,60480,412
Peromyscus_maniculatus__subject__34459.0,Peromyscus_maniculatus,4320,60480,412
Peromyscus_maniculatus__subject__37837.0,Peromyscus_maniculatus,4320,60480,412
Peromyscus_maniculatus__subject__37838.0,Peromyscus_maniculatus,4320,60480,412
Peromyscus_maniculatus__subject__37839.0,Peromyscus_maniculatus,4320,60480,412
Peromyscus_maniculatus__subject__37950.0,Peromyscus_maniculatus,4320,60480,412
Peromyscus_maniculatus__subject__37951.0,Peromyscus_maniculatus,4320,60480,412
Peromyscus_maniculatus__subject__37953.0,Peromyscus_maniculatus,4320,60480,412
Peromyscus_maniculatus__subject__37954.0,Peromyscus_maniculatus,4320,60480,412
Peromyscus_maniculatus__subject__37955.0,Peromyscus_maniculatus,4320,60480,412
Peromyscus_maniculatus__subject__37956.0,Peromyscus_maniculatus,4320,60480,412
Peromyscus_maniculatus__subject__38027.0,Peromyscus_maniculatus,4320,60480,412
Peromyscus_maniculatus__subject__38028.0,Peromyscus_maniculatus,4320,60480,412
Peromyscus_maniculatus__subject__38029.0,Peromyscus_maniculatus,4320,60480,412
Peromyscus_maniculatus__subject__38069.0,Peromyscus_maniculatus,4320,60480,412
Peromyscus_maniculatus__subject__38070.0,Peromyscus_maniculatus,4320,60480,412
Peromyscus_maniculatus__subject__38102.0,Peromyscus_maniculatus,8640,60480,823
Peromyscus_maniculatus__subject__38103.0,Peromyscus_maniculatus,4320,60480,412
Peromyscus_maniculatus__subject__38104.0,Peromyscus_maniculatus,4320,60480,412
Peromyscus_maniculatus__subject__38105.0,Peromyscus_maniculatus,4320,60480,412
Peromyscus_maniculatus__subject__38110.0,Peromyscus_maniculatus,8640,60480,823
Peromyscus_maniculatus__subject__38111.0,Peromyscus_maniculatus,8640,60480,823
Peromyscus_maniculatus__subject__38112.0,Peromyscus_maniculatus,8640,60480,823
Peromyscus_maniculatus__subject__38124.0,Peromyscus_maniculatus,4320,60480,412
Peromyscus_maniculatus__subject__38125.0,Peromyscus_maniculatus,4320,60480,412
Peromyscus_maniculatus__subject__38126.0,Peromyscus_maniculatus,4320,60480,412
Peromyscus_maniculatus__subject__38127.0,Peromyscus_maniculatus,4320,60480,412
Peromyscus_maniculatus__subject__38128.0,Peromyscus_maniculatus,4320,60480,412
Peromyscus_maniculatus__subject__38129.0,Peromyscus_maniculatus,4320,60480,412
Peromyscus_maniculatus__subject__38130.0,Peromyscus_maniculatus,4320,60480,412
Peromyscus_maniculatus__subject__38154.0,Peromyscus_maniculatus,8640,60480,823
Peromyscus_maniculatus__subject__38155.0,Peromyscus_maniculatus,8640,60480,823
Peromyscus_maniculatus__subject__38156.0,Peromyscus_maniculatus,4320,60480,412
Peromyscus_maniculatus__subject__38157.0,Peromyscus_maniculatus,4320,60480,412
Peromyscus_maniculatus__subject__38158.0,Peromyscus_maniculatus,4320,60480,412
Peromyscus_maniculatus__subject__38159.0,Peromyscus_maniculatus,4320,60480,412
Peromyscus_maniculatus__subject__38196.0,Peromyscus_maniculatus,4320,60480,412
Peromyscus_maniculatus__subject__38197.0,Peromyscus_maniculatus,4320,60480,412
Peromyscus_maniculatus__subject__38198.0,Peromyscus_maniculatus,4320,60480,412
Peromyscus_maniculatus__subject__38199.0,Peromyscus_maniculatus,4320,60480,412
Peromyscus_maniculatus__subject__38200.0,Peromyscus_maniculatus,4320,60480,412
Peromyscus_maniculatus__subject__38201.0,Peromyscus_maniculatus,4320,60480,412
Peromyscus_maniculatus__subject__38208.0,Peromyscus_maniculatus,4320,60480,412
Peromyscus_maniculatus__subject__38209.0,Peromyscus_maniculatus,4320,60480,412
Peromyscus_maniculatus__subject__38235.0,Peromyscus_maniculatus,4320,60480,412
Peromyscus_maniculatus__subject__38246.0,Peromyscus_maniculatus,4320,60480,412
Peromyscus_maniculatus__subject__38285.0,Peromyscus_maniculatus,4320,60480,412
Peromyscus_maniculatus__subject__38286.0,Peromyscus_maniculatus,4320,60480,412
Peromyscus_maniculatus__subject__38298.0,Peromyscus_maniculatus,4320,60480,412
Peromyscus_maniculatus__subject__38299.0,Peromyscus_maniculatus,4320,60480,412
Peromyscus_maniculatus__subject__38300.0,Peromyscus_maniculatus,4320,60480,412
Peromyscus_maniculatus__subject__38301.0,Peromyscus_maniculatus,4320,60480,411
Peromyscus_maniculatus__subject__38308.0,Peromyscus_maniculatus,4320,60480,411
Peromyscus_maniculatus__subject__38309.0,Peromyscus_maniculatus,4320,60480,411
Peromyscus_maniculatus__subject__38310.0,Peromyscus_maniculatus,4320,60480,411
Peromyscus_maniculatus__subject__38311.0,Peromyscus_maniculatus,4320,60480,411
Peromyscus_maniculatus__subject__38312.0,Peromyscus_maniculatus,4320,60480,411
Peromyscus_maniculatus__subject__38313.0,Peromyscus_maniculatus,4320,60480,411
Peromyscus_maniculatus__subject__38314.0,Peromyscus_maniculatus,4320,60480,411
Peromyscus_maniculatus__subject__38323.0,Peromyscus_maniculatus,4320,60480,411
Peromyscus_maniculatus__subject__38324.0,Peromyscus_maniculatus,4320,60480,411
Peromyscus_maniculatus__subject__38407.0,Peromyscus_maniculatus,4320,60480,411
Peromyscus_maniculatus__subject__38408.0,Peromyscus_maniculatus,4320,60480,411
Peromyscus_maniculatus__subject__38409.0,Peromyscus_maniculatus,4320,60480,411
Peromyscus_maniculatus__subject__38410.0,Peromyscus_maniculatus,4320,60480,411
Peromyscus_maniculatus__subject__38411.0,Peromyscus_maniculatus,8640,60480,823
Peromyscus_maniculatus__subject__38412.0,Peromyscus_maniculatus,4320,60480,411
Peromyscus_maniculatus__subject__38413.0,Peromyscus_maniculatus,4320,60480,411
Peromyscus_maniculatus__subject__38427.0,Peromyscus_maniculatus,4320,60480,411
Peromyscus_maniculatus__subject__38428.0,Peromyscus_maniculatus,4320,60480,411
Peromyscus_maniculatus__subject__38429.0,Peromyscus_maniculatus,4320,60480,411
Peromyscus_maniculatus__subject__38430.0,Peromyscus_maniculatus,4320,60480,411
Peromyscus_maniculatus__subject__38431.0,Peromyscus_maniculatus,4320,60480,411
Peromyscus_maniculatus__subject__38508.0,Peromyscus_maniculatus,4320,60480,411
Peromyscus_maniculatus__subject__38509.0,Peromyscus_maniculatus,4320,60480,411
Peromyscus_maniculatus__subject__38510.0,Peromyscus_maniculatus,4320,60480,411
Peromyscus_maniculatus__subject__38517.0,Peromyscus_maniculatus,4320,60480,411
Peromyscus_maniculatus__subject__38518.0,Peromyscus_maniculatus,4320,60480,411
Peromyscus_maniculatus__subject__38531.0,Peromyscus_maniculatus,4320,60480,411
Peromyscus_maniculatus__subject__38532.0,Peromyscus_maniculatus,8640,60480,823
Peromyscus_maniculatus__subject__38569.0,Peromyscus_maniculatus,4320,60480,411
Peromyscus_maniculatus__subject__38572.0,Peromyscus_maniculatus,4320,60480,411
Peromyscus_maniculatus__subject__38573.0,Peromyscus_maniculatus,4320,60480,411
Peromyscus_maniculatus__subject__38574.0,Peromyscus_maniculatus,4320,60480,411
Peromyscus_maniculatus__subject__38575.0,Peromyscus_maniculatus,4320,60480,411
Peromyscus_maniculatus__subject__38576.0,Peromyscus_maniculatus,4320,60480,411
Peromyscus_maniculatus__subject__38591.0,Peromyscus_maniculatus,4320,60480,411
Peromyscus_maniculatus__subject__38648.0,Peromyscus_maniculatus,4320,60480,411
Peromyscus_maniculatus__subject__38649.0,Peromyscus_maniculatus,4320,60480,411
Peromyscus_maniculatus__subject__38779.0,Peromyscus_maniculatus,4320,60480,411
Peromyscus_maniculatus__subject__38811.0,Peromyscus_maniculatus,4320,60480,411
Peromyscus_maniculatus__subject__38812.0,Peromyscus_maniculatus,4320,60480,411
Peromyscus_maniculatus__subject__38888.0,Peromyscus_maniculatus,4320,60480,411
Peromyscus_maniculatus__subject__38889.0,Peromyscus_maniculatus,4320,60480,411
Peromyscus_maniculatus__subject__38890.0,Peromyscus_maniculatus,4320,60480,411
Peromyscus_maniculatus__subject__38892.0,Peromyscus_maniculatus,4320,60480,411
Peromyscus_maniculatus__subject__39006.0,Peromyscus_maniculatus,4320,60480,411
Peromyscus_maniculatus__subject__39007.0,Peromyscus_maniculatus,4320,60480,411
Peromyscus_maniculatus__subject__39009.0,Peromyscus_maniculatus,4320,60480,411
Peromyscus_maniculatus__subject__39010.0,Peromyscus_maniculatus,4320,60480,411
Peromyscus_maniculatus__subject__39012.0,Peromyscus_maniculatus,4320,60480,411
Peromyscus_maniculatus__subject__39013.0,Peromyscus_maniculatus,4320,60480,411
Peromyscus_maniculatus__subject__39014.0,Peromyscus_maniculatus,4320,60480,411
Peromyscus_maniculatus__subject__39019.0,Peromyscus_maniculatus,4320,60480,411
Peromyscus_maniculatus__subject__39020.0,Peromyscus_maniculatus,4320,60480,411
Peromyscus_maniculatus__subject__39043.0,Peromyscus_maniculatus,4320,60480,411
Peromyscus_maniculatus__subject__39044.0,Peromyscus_maniculatus,8640,60480,823
Peromyscus_maniculatus__subject__39045.0,Peromyscus_maniculatus,8640,60480,823
Peromyscus_maniculatus__subject__39046.0,Peromyscus_maniculatus,12960,60480,1234
Peromyscus_maniculatus__subject__39257.0,Peromyscus_maniculatus,4320,60480,411
Peromyscus_maniculatus__subject__39258.0,Peromyscus_maniculatus,4320,60480,411
Peromyscus_maniculatus__subject__39323.0,Peromyscus_maniculatus,4320,60480,411
Peromyscus_maniculatus__subject__39324.0,Peromyscus_maniculatus,4320,60480,411
Peromyscus_maniculatus__subject__39325.0,Peromyscus_maniculatus,4320,60480,411
Peromyscus_maniculatus__subject__39326.0,Peromyscus_maniculatus,4320,60480,411
Peromyscus_maniculatus__subject__39327.0,Peromyscus_maniculatus,12960,60480,1234
Peromyscus_maniculatus__subject__39328.0,Peromyscus_maniculatus,12960,60480,1234
Peromyscus_maniculatus__subject__39338.0,Peromyscus_maniculatus,8640,60480,823
Peromyscus_maniculatus__subject__39339.0,Peromyscus_maniculatus,4320,60480,411
Peromyscus_maniculatus__subject__39341.0,Peromyscus_maniculatus,4320,60480,411
Peromyscus_maniculatus__subject__39402.0,Peromyscus_maniculatus,8640,60480,823
Peromyscus_maniculatus__subject__39515.0,Peromyscus_maniculatus,4320,60480,411
Peromyscus_maniculatus__subject__39516.0,Peromyscus_maniculatus,4320,60480,411
Peromyscus_maniculatus__subject__39666.0,Peromyscus_maniculatus,4320,60480,411
Peromyscus_maniculatus__subject__39667.0,Peromyscus_maniculatus,4320,60480,411
Peromyscus_maniculatus__subject__39668.0,Peromyscus_maniculatus,4320,60480,411
Peromyscus_polionotus__subject__38039.0,Peromyscus_polionotus,4320,60480,1235
Peromyscus_polionotus__subject__38040.0,Peromyscus_polionotus,4320,60480,1235
Peromyscus_polionotus__subject__38041.0,Peromyscus_polionotus,4320,60480,1235
Peromyscus_polionotus__subject__38042.0,Peromyscus_polionotus,4320,60480,1235
Peromyscus_polionotus__subject__38043.0,Peromyscus_polionotus,4320,60480,1235
Peromyscus_polionotus__subject__38044.0,Peromyscus_polionotus,4320,60480,1235
Peromyscus_polionotus__subject__38045.0,Peromyscus_polionotus,4320,60480,1235
Peromyscus_polionotus__subject__38046.0,Peromyscus_polionotus,4320,60480,1235
Peromyscus_polionotus__subject__38047.0,Peromyscus_polionotus,4320,60480,1235
Peromyscus_polionotus__subject__38048.0,Peromyscus_polionotus,4320,60480,1234
Peromyscus_polionotus__subject__38461.0,Peromyscus_polionotus,4320,60480,1234
Peromyscus_polionotus__subject__38462.0,Peromyscus_polionotus,8640,60480,2469
Peromyscus_polionotus__subject__38463.0,Peromyscus_polionotus,4320,60480,1234
Peromyscus_polionotus__subject__38466.0,Peromyscus_polionotus,8640,60480,2469
Peromyscus_polionotus__subject__38519.0,Peromyscus_polionotus,4320,60480,1234
Peromyscus_polionotus__subject__38522.0,Peromyscus_polionotus,4320,60480,1234
Peromyscus_polionotus__subject__38564.0,Peromyscus_polionotus,4320,60480,1234
Peromyscus_polionotus__subject__38565.0,Peromyscus_polionotus,4320,60480,1234
Peromyscus_polionotus__subject__38994.0,Peromyscus_polionotus,4320,60480,1234
Peromyscus_polionotus__subject__38995.0,Peromyscus_polionotus,4320,60480,1234
Peromyscus_polionotus__subject__38996.0,Peromyscus_polionotus,4320,60480,1234
Peromyscus_polionotus__subject__38997.0,Peromyscus_polionotus,4320,60480,1234
Peromyscus_polionotus__subject__38998.0,Peromyscus_polionotus,4320,60480,1234
Peromyscus_polionotus__subject__38999.0,Peromyscus_polionotus,4320,60480,1234
Peromyscus_polionotus__subject__39127.0,Peromyscus_polionotus,4320,60480,1234
Peromyscus_polionotus__subject__39128.0,Peromyscus_polionotus,4320,60480,1234
Peromyscus_polionotus__subject__39196.0,Peromyscus_polionotus,4320,60480,1234
Peromyscus_polionotus__subject__39331.0,Peromyscus_polionotus,4320,60480,1234
Peromyscus_polionotus__subject__39332.0,Peromyscus_polionotus,4320,60480,1234
Peromyscus_polionotus__subject__39411.0,Peromyscus_polionotus,4320,60480,1234
Peromyscus_polionotus__subject__39412.0,Peromyscus_polionotus,4320,60480,1234
Peromyscus_polionotus__subject__39413.0,Peromyscus_polionotus,4320,60480,1234
Peromyscus_polionotus__subject__39414.0,Peromyscus_polionotus,4320,60480,1234
Peromyscus_polionotus__subject__39415.0,Peromyscus_polionotus,8640,60480,2469
Peromyscus_polionotus__subject__39566.0,Peromyscus_polionotus,8640,60480,2469
Peromyscus_polionotus__subject__39567.0,Peromyscus_polionotus,4320,60480,1234
Peromyscus_polionotus__subject__39673.0,Peromyscus_polionotus,8640,60480,2469
Peromyscus_polionotus__subject__40095.0,Peromyscus_polionotus,4320,60480,1234
Peromyscus_polionotus__subject__40096.0,Peromyscus_polionotus,4320,60480,1234
Peromyscus_polionotus__subject__40386.0,Peromyscus_polionotus,4320,60480,1234
Peromyscus_polionotus__subject__40414.0,Peromyscus_polionotus,4320,60480,1234
Peromyscus_polionotus__subject__40415.0,Peromyscus_polionotus,4320,60480,1234
Peromyscus_polionotus__subject__40416.0,Peromyscus_polionotus,4320,60480,1234
Peromyscus_polionotus__subject__40419.0,Peromyscus_polionotus,4320,60480,1234
