component,explained_variance,explained_variance_ratio,cumulative_variance_ratio
1,18935.75380645817,0.7463835943744457,0.7463835943744457
2,1642.3953101426434,0.06473768763036578,0.8111212820048115
3,1546.4830756847,0.06095715060866088,0.8720784326134724
4,850.0310832649684,0.03350536037498161,0.905583792988454
5,467.70648443104653,0.01843541326793239,0.9240192062563864
6,295.25526596379785,0.011637967462002088,0.9356571737183885
7,219.130819505191,0.008637398350876348,0.9442945720692649
8,193.37757253451096,0.007622292153507367,0.9519168642227723
9,145.17754061827466,0.005722409347768011,0.9576392735705404
10,122.86350027906288,0.004842865084380037,0.9624821386549204
11,110.76035920855257,0.004365800055558872,0.9668479387104792
12,82.42319719389322,0.003248844635930477,0.9700967833464097
13,78.82753158146649,0.0031071156162462256,0.9732038989626559
14,72.20257637219495,0.0028459822105098586,0.9760498811731658
15,61.02452286411341,0.002405381015503494,0.9784552621886693
16,52.27131130927751,0.002060358917656503,0.9805156211063258
17,40.21664898892963,0.0015852047577749552,0.9821008258641007
18,38.314811609263764,0.0015102407381822123,0.9836110666022829
19,36.78562626194808,0.0014499654057259495,0.9850610320080089
20,26.679461307036973,0.0010516144448143752,0.9861126464528233
21,25.911710865597783,0.0010213523100231787,0.9871339987628465
22,20.983978396917134,0.0008271177044362005,0.9879611164672827
23,20.165768523271332,0.0007948666288948545,0.9887559830961775
24,16.393878314536558,0.0006461914295679034,0.9894021745257454
25,15.263319821937289,0.0006016286242007887,0.9900038031499462
26,14.965003960674178,0.0005898700183874553,0.9905936731683337
27,14.405678983011905,0.0005678233129054378,0.9911614964812391
28,12.636722537640678,0.0004980970118834149,0.9916595934931225
29,12.464555544737152,0.0004913107692912586,0.9921509042624137
30,10.070450961915377,0.0003969432356773917,0.9925478474980911
31,9.86144316018244,0.0003887048525686862,0.9929365523506598
32,9.259796453152116,0.0003649899671552686,0.9933015423178151
33,8.238835745231631,0.0003247471370740666,0.9936262894548892
34,8.047031311241797,0.0003171868527399165,0.9939434763076291
35,7.546664080591737,0.00029746406293513957,0.9942409403705643
36,6.9808547329469475,0.0002751617654431989,0.9945161021360075
37,5.769097239362364,0.00022739836912869006,0.9947435005051362
38,5.5754509502013825,0.00021976548507144421,0.9949632659902076
39,5.350622083574542,0.00021090348890761358,0.9951741694791152
40,5.233540868422969,0.00020628854201446402,0.9953804580211296
41,5.077818749821151,0.00020015050094181403,0.9955806085220714
42,4.836762195577082,0.00019064886402557764,0.995771257386097
43,4.745994804766022,0.00018707111940035744,0.9959583285054973
44,4.249069829185263,0.00016748401168870648,0.996125812517186
45,4.208765826511341,0.00016589536374308418,0.9962917078809291
46,3.9776315962210673,0.00015678483139510931,0.9964484927123243
47,3.612094962896072,0.00014237660930660747,0.9965908693216309
48,3.5546267109115304,0.0001401114045031943,0.9967309807261341
49,3.403264048501838,0.00013414519850061618,0.9968651259246347
50,3.2560342011391654,0.00012834189413803653,0.9969934678187727
51,3.210246947563293,0.0001265371149224957,0.9971200049336952
52,2.9619861846283135,0.0001167515123805808,0.9972367564460758
53,2.783669043400075,0.00010972285166979799,0.9973464792977456
54,2.5313546713598893,9.977746951915682e-05,0.9974462567672647
55,2.4705383117751083,9.738029359853536e-05,0.9975436370608632
56,2.3690775131946817,9.338105087988886e-05,0.9976370181117431
57,2.3446707067153203,9.241901682867226e-05,0.9977294371285718
58,2.2353932531278504,8.811166791474178e-05,0.9978175487964865
59,2.1987325833010445,8.666662787053853e-05,0.997904215424357
60,2.1651336937279417,8.53422728845749e-05,0.9979895576972416
61,1.9836630375571362,7.818931124329819e-05,0.9980677470084849
62,1.9568145572772668,7.713103464023284e-05,0.9981448780431251
63,1.8603143155941284,7.332732035551825e-05,0.9982182053634806
64,1.837462996473638,7.242659837340565e-05,0.998290631961854
65,1.692894865065565,6.67282098827635e-05,0.9983573601717367
66,1.6335167267757564,6.438772379823831e-05,0.998421747895535
67,1.6141651688455074,6.362495060672172e-05,0.9984853728461417
68,1.4598229353538896,5.754129995437935e-05,0.9985429141460961
69,1.3094042176916092,5.161230107229221e-05,0.9985945264471684
70,1.2273320785561286,4.8377293961825484e-05,0.9986429037411302
71,1.2039411305299847,4.745530162700622e-05,0.9986903590427572
72,1.1777261078385075,4.6421993787082826e-05,0.9987367810365443
73,1.1645216368487072,4.590151804474302e-05,0.998782682554589
74,1.0612800083307063,4.183208101203003e-05,0.9988245146356011
75,1.0383617670383662,4.0928721183456234e-05,0.9988654433567845
76,1.0102761377471279,3.9821680336024364e-05,0.9989052650371205
77,0.9149259168673649,3.606329599537232e-05,0.9989413283331159
78,0.8919105587118921,3.515610814737451e-05,0.9989764844412633
79,0.8404685249991216,3.3128436557592124e-05,0.9990096128778209
80,0.8164760241317066,3.21827330372313e-05,0.999041795610858
81,0.7850504571343693,3.094404310228253e-05,0.9990727396539604
82,0.7674184665131919,3.024904945849517e-05,0.9991029887034188
83,0.7314825004021605,2.883257479224121e-05,0.9991318212782111
84,0.7253066200791309,2.858914240496772e-05,0.9991604104206161
85,0.6931134715912951,2.732019699470441e-05,0.9991877306176108
86,0.6547273912049704,2.5807147081533275e-05,0.9992135377646923
87,0.6500904495026607,2.562437446788141e-05,0.9992391621391602
88,0.6020065474866516,2.3729069111407175e-05,0.9992628912082716
89,0.5821899347536225,2.2947965026976155e-05,0.9992858391732986
90,0.5539743947499364,2.1835803537107997e-05,0.9993076749768357
91,0.5466796458207407,2.1548269120391232e-05,0.9993292232459561
92,0.5098155945937517,2.0095212466865265e-05,0.9993493184584229
93,0.48717741884857313,1.92028918782334e-05,0.9993685213503011
94,0.4678644285845109,1.844163889413022e-05,0.9993869629891952
95,0.4646629955734054,1.831544919487658e-05,0.99940527843839
96,0.4492798667994556,1.7709098105589092e-05,0.9994229875364956
97,0.43424201045133787,1.7116356491628806e-05,0.9994401038929872
98,0.41678401254152186,1.6428221054101838e-05,0.9994565321140413
99,0.4119516538813698,1.623774576260113e-05,0.9994727698598039
100,0.3784813881969193,1.4918460696816862e-05,0.9994876883205007
