species,ranking,support_cutoff,n_retained_clusters,nn_absorption_sigma,nn_absorption_n_neighbors,status,n_macro_clusters,n_absorbed_clusters,supported_occupancy_fraction
Mus_caroli,occupancy_descending,1000,1000,2.0,3,ok,1000,0,1.0
Mus_caroli,occupancy_descending,975,975,2.0,3,ok,975,25,0.9994171104461581
Mus_caroli,occupancy_descending,950,950,2.0,3,ok,950,50,0.9971894473950791
Mus_caroli,occupancy_descending,925,925,2.0,3,ok,925,75,0.9933994809978974
Mus_caroli,occupancy_descending,900,900,2.0,3,ok,900,100,0.9881555206175916
Mus_caroli,occupancy_descending,875,875,2.0,3,ok,875,125,0.9815024618847401
Mus_caroli,occupancy_descending,850,850,2.0,3,ok,850,150,0.973733041536856
Mus_caroli,occupancy_descending,825,825,2.0,3,ok,825,175,0.9649258538432974
Mus_caroli,occupancy_descending,800,800,2.0,3,ok,800,200,0.9550279284197847
Mus_caroli,occupancy_descending,775,775,2.0,3,ok,775,225,0.9441183978525892
Mus_caroli,occupancy_descending,750,750,2.0,3,ok,750,250,0.9320471793862519
Mus_caroli,occupancy_descending,725,725,2.0,3,ok,725,275,0.9189202137893323
Mus_caroli,occupancy_descending,700,700,2.0,3,ok,700,300,0.9048475330389314
Mus_caroli,occupancy_descending,675,675,2.0,3,ok,675,325,0.8896321131447408
Mus_caroli,occupancy_descending,650,650,2.0,3,ok,650,350,0.8734990782399492
Mus_caroli,occupancy_descending,625,625,2.0,3,ok,625,375,0.8565409111702805
Mus_caroli,occupancy_descending,600,600,2.0,3,ok,600,400,0.8387814055433076
Mus_caroli,occupancy_descending,575,575,2.0,3,ok,575,425,0.8200720935543117
Mus_caroli,occupancy_descending,550,550,2.0,3,ok,550,450,0.8003435323214626
Mus_caroli,occupancy_descending,525,525,2.0,3,ok,525,475,0.7794329348101448
Mus_caroli,occupancy_descending,500,500,2.0,3,ok,500,500,0.7574436578677332
Mus_caroli,occupancy_descending,475,475,2.0,3,ok,475,525,0.7342390766616039
Mus_caroli,occupancy_descending,450,450,2.0,3,ok,450,550,0.7100865193709573
Mus_caroli,occupancy_descending,425,425,2.0,3,ok,425,575,0.6848488228462559
Mus_caroli,occupancy_descending,400,400,2.0,3,ok,400,600,0.658340913732669
Mus_caroli,occupancy_descending,375,375,2.0,3,ok,375,625,0.6307714436658348
Mus_caroli,occupancy_descending,350,350,2.0,3,ok,350,650,0.6021336298526444
Mus_caroli,occupancy_descending,325,325,2.0,3,ok,325,675,0.5722925700745968
Mus_caroli,occupancy_descending,300,300,2.0,3,ok,300,700,0.5406607452523947
Mus_caroli,occupancy_descending,275,275,2.0,3,ok,275,725,0.507750633087606
Mus_caroli,occupancy_descending,250,250,2.0,3,ok,250,750,0.4736459956919574
Mus_caroli,occupancy_descending,225,225,2.0,3,ok,225,775,0.4383764404956865
Mus_caroli,occupancy_descending,200,200,2.0,3,ok,200,800,0.40162737509459573
Mus_caroli,occupancy_descending,175,175,2.0,3,ok,175,825,0.363037588839786
Mus_caroli,occupancy_descending,150,150,2.0,3,ok,150,850,0.32275824112054324
Mus_caroli,occupancy_descending,125,125,2.0,3,ok,125,875,0.28056980629957834
Mus_caroli,occupancy_descending,100,100,2.0,3,ok,100,900,0.23595054762441284
Mus_caroli,occupancy_descending,75,75,2.0,3,ok,75,925,0.18809654261655825
Mus_caroli,occupancy_descending,50,50,2.0,3,ok,50,950,0.13564089696948034
Mus_musculus,occupancy_descending,1000,1000,2.0,3,ok,1000,0,1.0
Mus_musculus,occupancy_descending,975,975,2.0,3,ok,975,25,0.9999273734859069
Mus_musculus,occupancy_descending,950,950,2.0,3,ok,950,50,0.9994522925314825
Mus_musculus,occupancy_descending,925,925,2.0,3,ok,925,75,0.998366509819984
Mus_musculus,occupancy_descending,900,900,2.0,3,ok,900,100,0.9963206647644304
Mus_musculus,occupancy_descending,875,875,2.0,3,ok,875,125,0.9932839832205231
Mus_musculus,occupancy_descending,850,850,2.0,3,ok,850,150,0.9892091553347498
Mus_musculus,occupancy_descending,825,825,2.0,3,ok,825,175,0.9839126207412882
Mus_musculus,occupancy_descending,800,800,2.0,3,ok,800,200,0.9770422084822684
Mus_musculus,occupancy_descending,775,775,2.0,3,ok,775,225,0.9690083609816689
Mus_musculus,occupancy_descending,750,750,2.0,3,ok,750,250,0.9595288400377238
Mus_musculus,occupancy_descending,725,725,2.0,3,ok,725,275,0.9485326750395195
Mus_musculus,occupancy_descending,700,700,2.0,3,ok,700,300,0.9364085134600323
Mus_musculus,occupancy_descending,675,675,2.0,3,ok,675,325,0.923251593054657
Mus_musculus,occupancy_descending,650,650,2.0,3,ok,650,350,0.908979316906354
Mus_musculus,occupancy_descending,625,625,2.0,3,ok,625,375,0.8930116174668679
Mus_musculus,occupancy_descending,600,600,2.0,3,ok,600,400,0.875304321769695
Mus_musculus,occupancy_descending,575,575,2.0,3,ok,575,425,0.8562629978195954
Mus_musculus,occupancy_descending,550,550,2.0,3,ok,550,450,0.8362879777021209
Mus_musculus,occupancy_descending,525,525,2.0,3,ok,525,475,0.8156154375235544
Mus_musculus,occupancy_descending,500,500,2.0,3,ok,500,500,0.7939390818408689
Mus_musculus,occupancy_descending,475,475,2.0,3,ok,475,525,0.7709217361151294
Mus_musculus,occupancy_descending,450,450,2.0,3,ok,450,550,0.7463928889640187
Mus_musculus,occupancy_descending,425,425,2.0,3,ok,425,575,0.7207599858599862
Mus_musculus,occupancy_descending,400,400,2.0,3,ok,400,600,0.6938295893245835
Mus_musculus,occupancy_descending,375,375,2.0,3,ok,375,625,0.6653356353652689
Mus_musculus,occupancy_descending,350,350,2.0,3,ok,350,650,0.6355803029897006
Mus_musculus,occupancy_descending,325,325,2.0,3,ok,325,675,0.6044894263935061
Mus_musculus,occupancy_descending,300,300,2.0,3,ok,300,700,0.5721501737194032
Mus_musculus,occupancy_descending,275,275,2.0,3,ok,275,725,0.5383357795221357
Mus_musculus,occupancy_descending,250,250,2.0,3,ok,250,750,0.5034447334034363
Mus_musculus,occupancy_descending,225,225,2.0,3,ok,225,775,0.4672735225303003
Mus_musculus,occupancy_descending,200,200,2.0,3,ok,200,800,0.4293796009473912
Mus_musculus,occupancy_descending,175,175,2.0,3,ok,175,825,0.388995014402043
Mus_musculus,occupancy_descending,150,150,2.0,3,ok,150,850,0.34655311975307546
Mus_musculus,occupancy_descending,125,125,2.0,3,ok,125,875,0.3020736012580013
Mus_musculus,occupancy_descending,100,100,2.0,3,ok,100,900,0.2548658889845659
Mus_musculus,occupancy_descending,75,75,2.0,3,ok,75,925,0.20485346154781747
Mus_musculus,occupancy_descending,50,50,2.0,3,ok,50,950,0.15028520133555354
Mus_spretus,occupancy_descending,1000,1000,2.0,3,ok,1000,0,1.0
Mus_spretus,occupancy_descending,975,975,2.0,3,ok,975,25,0.9999984568244162
Mus_spretus,occupancy_descending,950,950,2.0,3,ok,950,50,0.9999550421513267
Mus_spretus,occupancy_descending,925,925,2.0,3,ok,925,75,0.9998495918197703
Mus_spretus,occupancy_descending,900,900,2.0,3,ok,900,100,0.9996474358182987
Mus_spretus,occupancy_descending,875,875,2.0,3,ok,875,125,0.9993056738656837
Mus_spretus,occupancy_descending,850,850,2.0,3,ok,850,150,0.9987505421690217
Mus_spretus,occupancy_descending,825,825,2.0,3,ok,825,175,0.9978834832476974
Mus_spretus,occupancy_descending,800,800,2.0,3,ok,800,200,0.9968109762169894
Mus_spretus,occupancy_descending,775,775,2.0,3,ok,775,225,0.9954557594193381
Mus_spretus,occupancy_descending,750,750,2.0,3,ok,750,250,0.9937580605204658
Mus_spretus,occupancy_descending,725,725,2.0,3,ok,725,275,0.9915637677187421
Mus_spretus,occupancy_descending,700,700,2.0,3,ok,700,300,0.9888772019058013
Mus_spretus,occupancy_descending,675,675,2.0,3,ok,675,325,0.9857781966985096
Mus_spretus,occupancy_descending,650,650,2.0,3,ok,650,350,0.982149162117385
Mus_spretus,occupancy_descending,625,625,2.0,3,ok,625,375,0.9778739484801572
Mus_spretus,occupancy_descending,600,600,2.0,3,ok,600,400,0.9730009086217837
Mus_spretus,occupancy_descending,575,575,2.0,3,ok,575,425,0.9674547355737774
Mus_spretus,occupancy_descending,550,550,2.0,3,ok,550,450,0.9611544640571773
Mus_spretus,occupancy_descending,525,525,2.0,3,ok,525,475,0.9537596695382078
Mus_spretus,occupancy_descending,500,500,2.0,3,ok,500,500,0.9451766298197488
Mus_spretus,occupancy_descending,475,475,2.0,3,ok,475,525,0.9357542054621009
Mus_spretus,occupancy_descending,450,450,2.0,3,ok,450,550,0.9248985825006358
Mus_spretus,occupancy_descending,425,425,2.0,3,ok,425,575,0.9129032729313834
Mus_spretus,occupancy_descending,400,400,2.0,3,ok,400,600,0.899460773299688
Mus_spretus,occupancy_descending,375,375,2.0,3,ok,375,625,0.8848608919801783
Mus_spretus,occupancy_descending,350,350,2.0,3,ok,350,650,0.8687202012794777
Mus_spretus,occupancy_descending,325,325,2.0,3,ok,325,675,0.8508281091695905
Mus_spretus,occupancy_descending,300,300,2.0,3,ok,300,700,0.831359200248225
Mus_spretus,occupancy_descending,275,275,2.0,3,ok,275,725,0.8103978347806263
Mus_spretus,occupancy_descending,250,250,2.0,3,ok,250,750,0.7877449431164905
Mus_spretus,occupancy_descending,225,225,2.0,3,ok,225,775,0.7629234782436933
Mus_spretus,occupancy_descending,200,200,2.0,3,ok,200,800,0.7351570170868631
Mus_spretus,occupancy_descending,175,175,2.0,3,ok,175,825,0.7046753899296065
Mus_spretus,occupancy_descending,150,150,2.0,3,ok,150,850,0.6702342828595579
Mus_spretus,occupancy_descending,125,125,2.0,3,ok,125,875,0.6289974420321524
Mus_spretus,occupancy_descending,100,100,2.0,3,ok,100,900,0.5799035741592574
Mus_spretus,occupancy_descending,75,75,2.0,3,ok,75,925,0.521675855762876
Mus_spretus,occupancy_descending,50,50,2.0,3,ok,50,950,0.4390786171829926
Peromyscus_californicus,occupancy_descending,1000,1000,2.0,3,ok,1000,0,1.0
Peromyscus_californicus,occupancy_descending,975,975,2.0,3,ok,975,25,0.9999685551152628
Peromyscus_californicus,occupancy_descending,950,950,2.0,3,ok,950,50,0.9994577204233369
Peromyscus_californicus,occupancy_descending,925,925,2.0,3,ok,925,75,0.9976615037252543
Peromyscus_californicus,occupancy_descending,900,900,2.0,3,ok,900,100,0.9937295427392893
Peromyscus_californicus,occupancy_descending,875,875,2.0,3,ok,875,125,0.9873689949192397
Peromyscus_californicus,occupancy_descending,850,850,2.0,3,ok,850,150,0.9789718603006016
Peromyscus_californicus,occupancy_descending,825,825,2.0,3,ok,825,175,0.9691568121677429
Peromyscus_californicus,occupancy_descending,800,800,2.0,3,ok,800,200,0.9581993308605693
Peromyscus_californicus,occupancy_descending,775,775,2.0,3,ok,775,225,0.945642790353481
Peromyscus_californicus,occupancy_descending,750,750,2.0,3,ok,750,250,0.9318716670592454
Peromyscus_californicus,occupancy_descending,725,725,2.0,3,ok,725,275,0.9171026027297633
Peromyscus_californicus,occupancy_descending,700,700,2.0,3,ok,700,300,0.9015246525002638
Peromyscus_californicus,occupancy_descending,675,675,2.0,3,ok,675,325,0.8848746824886523
Peromyscus_californicus,occupancy_descending,650,650,2.0,3,ok,650,350,0.866810464317483
Peromyscus_californicus,occupancy_descending,625,625,2.0,3,ok,625,375,0.8479769074939719
Peromyscus_californicus,occupancy_descending,600,600,2.0,3,ok,600,400,0.8280618781315874
Peromyscus_californicus,occupancy_descending,575,575,2.0,3,ok,575,425,0.807300344755543
Peromyscus_californicus,occupancy_descending,550,550,2.0,3,ok,550,450,0.7857212443763332
Peromyscus_californicus,occupancy_descending,525,525,2.0,3,ok,525,475,0.7630961675244561
Peromyscus_californicus,occupancy_descending,500,500,2.0,3,ok,500,500,0.7397017520202374
Peromyscus_californicus,occupancy_descending,475,475,2.0,3,ok,475,525,0.7155179348697343
Peromyscus_californicus,occupancy_descending,450,450,2.0,3,ok,450,550,0.6906255467889275
Peromyscus_californicus,occupancy_descending,425,425,2.0,3,ok,425,575,0.6646594027053789
Peromyscus_californicus,occupancy_descending,400,400,2.0,3,ok,400,600,0.637692809712341
Peromyscus_californicus,occupancy_descending,375,375,2.0,3,ok,375,625,0.6097485315914025
Peromyscus_californicus,occupancy_descending,350,350,2.0,3,ok,350,650,0.5806666431312315
Peromyscus_californicus,occupancy_descending,325,325,2.0,3,ok,325,675,0.550777026251463
Peromyscus_californicus,occupancy_descending,300,300,2.0,3,ok,300,700,0.5200073384258613
Peromyscus_californicus,occupancy_descending,275,275,2.0,3,ok,275,725,0.48842606391259635
Peromyscus_californicus,occupancy_descending,250,250,2.0,3,ok,250,750,0.4556743837815387
Peromyscus_californicus,occupancy_descending,225,225,2.0,3,ok,225,775,0.42203009333343366
Peromyscus_californicus,occupancy_descending,200,200,2.0,3,ok,200,800,0.3870375311096977
Peromyscus_californicus,occupancy_descending,175,175,2.0,3,ok,175,825,0.35074936246943045
Peromyscus_californicus,occupancy_descending,150,150,2.0,3,ok,150,850,0.31317793387044285
Peromyscus_californicus,occupancy_descending,125,125,2.0,3,ok,125,875,0.27376707597103445
Peromyscus_californicus,occupancy_descending,100,100,2.0,3,ok,100,900,0.23198704856575636
Peromyscus_californicus,occupancy_descending,75,75,2.0,3,ok,75,925,0.187107095682926
Peromyscus_californicus,occupancy_descending,50,50,2.0,3,ok,50,950,0.13614400445398467
Peromyscus_gossypinus,occupancy_descending,1000,1000,2.0,3,ok,1000,0,1.0
Peromyscus_gossypinus,occupancy_descending,975,975,2.0,3,ok,975,25,0.998120711527599
Peromyscus_gossypinus,occupancy_descending,950,950,2.0,3,ok,950,50,0.9931440000740789
Peromyscus_gossypinus,occupancy_descending,925,925,2.0,3,ok,925,75,0.9859020955061902
Peromyscus_gossypinus,occupancy_descending,900,900,2.0,3,ok,900,100,0.9772793144000074
Peromyscus_gossypinus,occupancy_descending,875,875,2.0,3,ok,875,125,0.9670953209930273
Peromyscus_gossypinus,occupancy_descending,850,850,2.0,3,ok,850,150,0.9559170501791783
Peromyscus_gossypinus,occupancy_descending,825,825,2.0,3,ok,825,175,0.9436155584158232
Peromyscus_gossypinus,occupancy_descending,800,800,2.0,3,ok,800,200,0.930213069365607
Peromyscus_gossypinus,occupancy_descending,775,775,2.0,3,ok,775,225,0.9157364366208921
Peromyscus_gossypinus,occupancy_descending,750,750,2.0,3,ok,750,250,0.9003824321946793
Peromyscus_gossypinus,occupancy_descending,725,725,2.0,3,ok,725,275,0.8844246849332827
Peromyscus_gossypinus,occupancy_descending,700,700,2.0,3,ok,700,300,0.867846064096747
Peromyscus_gossypinus,occupancy_descending,675,675,2.0,3,ok,675,325,0.8504023408924652
Peromyscus_gossypinus,occupancy_descending,650,650,2.0,3,ok,650,350,0.8323476984619373
Peromyscus_gossypinus,occupancy_descending,625,625,2.0,3,ok,625,375,0.8134281851601493
Peromyscus_gossypinus,occupancy_descending,600,600,2.0,3,ok,600,400,0.7938257572250054
Peromyscus_gossypinus,occupancy_descending,575,575,2.0,3,ok,575,425,0.7736985267563639
Peromyscus_gossypinus,occupancy_descending,550,550,2.0,3,ok,550,450,0.7529124572888983
Peromyscus_gossypinus,occupancy_descending,525,525,2.0,3,ok,525,475,0.7315518135434704
Peromyscus_gossypinus,occupancy_descending,500,500,2.0,3,ok,500,500,0.7094858000055559
Peromyscus_gossypinus,occupancy_descending,475,475,2.0,3,ok,475,525,0.6865366273739965
Peromyscus_gossypinus,occupancy_descending,450,450,2.0,3,ok,450,550,0.6626452640448918
Peromyscus_gossypinus,occupancy_descending,425,425,2.0,3,ok,425,575,0.6380700600964877
Peromyscus_gossypinus,occupancy_descending,400,400,2.0,3,ok,400,600,0.6126105395720093
Peromyscus_gossypinus,occupancy_descending,375,375,2.0,3,ok,375,625,0.5864403248358689
Peromyscus_gossypinus,occupancy_descending,350,350,2.0,3,ok,350,650,0.55963233728112
Peromyscus_gossypinus,occupancy_descending,325,325,2.0,3,ok,325,675,0.5317569194299631
Peromyscus_gossypinus,occupancy_descending,300,300,2.0,3,ok,300,700,0.5028295815469521
Peromyscus_gossypinus,occupancy_descending,275,275,2.0,3,ok,275,725,0.4728454622058837
Peromyscus_gossypinus,occupancy_descending,250,250,2.0,3,ok,250,750,0.4419103553008065
Peromyscus_gossypinus,occupancy_descending,225,225,2.0,3,ok,225,775,0.4097492430064912
Peromyscus_gossypinus,occupancy_descending,200,200,2.0,3,ok,200,800,0.3763035567120091
Peromyscus_gossypinus,occupancy_descending,175,175,2.0,3,ok,175,825,0.34149481910864593
Peromyscus_gossypinus,occupancy_descending,150,150,2.0,3,ok,150,850,0.30527673089922497
Peromyscus_gossypinus,occupancy_descending,125,125,2.0,3,ok,125,875,0.26717935421740296
Peromyscus_gossypinus,occupancy_descending,100,100,2.0,3,ok,100,900,0.22624221014325002
Peromyscus_gossypinus,occupancy_descending,75,75,2.0,3,ok,75,925,0.18252826572092637
Peromyscus_gossypinus,occupancy_descending,50,50,2.0,3,ok,50,950,0.13419041048956876
Peromyscus_leucopus,occupancy_descending,1000,1000,2.0,3,ok,1000,0,1.0
Peromyscus_leucopus,occupancy_descending,975,975,2.0,3,ok,975,25,0.9979959018507814
Peromyscus_leucopus,occupancy_descending,950,950,2.0,3,ok,950,50,0.9927124906243924
Peromyscus_leucopus,occupancy_descending,925,925,2.0,3,ok,925,75,0.9859997539523064
Peromyscus_leucopus,occupancy_descending,900,900,2.0,3,ok,900,100,0.9780647158347565
Peromyscus_leucopus,occupancy_descending,875,875,2.0,3,ok,875,125,0.9690621482080187
Peromyscus_leucopus,occupancy_descending,850,850,2.0,3,ok,850,150,0.9590505866120952
Peromyscus_leucopus,occupancy_descending,825,825,2.0,3,ok,825,175,0.948034330267438
Peromyscus_leucopus,occupancy_descending,800,800,2.0,3,ok,800,200,0.93630506474626
Peromyscus_leucopus,occupancy_descending,775,775,2.0,3,ok,775,225,0.9237539867001962
Peromyscus_leucopus,occupancy_descending,750,750,2.0,3,ok,750,250,0.9104244190430332
Peromyscus_leucopus,occupancy_descending,725,725,2.0,3,ok,725,275,0.896347117736467
Peromyscus_leucopus,occupancy_descending,700,700,2.0,3,ok,700,300,0.8814394054641108
Peromyscus_leucopus,occupancy_descending,675,675,2.0,3,ok,675,325,0.8657310460598636
Peromyscus_leucopus,occupancy_descending,650,650,2.0,3,ok,650,350,0.849331504290622
Peromyscus_leucopus,occupancy_descending,625,625,2.0,3,ok,625,375,0.8321574414214677
Peromyscus_leucopus,occupancy_descending,600,600,2.0,3,ok,600,400,0.8144406846475499
Peromyscus_leucopus,occupancy_descending,575,575,2.0,3,ok,575,425,0.7959593280516859
Peromyscus_leucopus,occupancy_descending,550,550,2.0,3,ok,550,450,0.776607875378166
Peromyscus_leucopus,occupancy_descending,525,525,2.0,3,ok,525,475,0.756595665592082
Peromyscus_leucopus,occupancy_descending,500,500,2.0,3,ok,500,500,0.7359511396902709
Peromyscus_leucopus,occupancy_descending,475,475,2.0,3,ok,475,525,0.7146313054682115
Peromyscus_leucopus,occupancy_descending,450,450,2.0,3,ok,450,550,0.6925786195136986
Peromyscus_leucopus,occupancy_descending,425,425,2.0,3,ok,425,575,0.6698096172900095
Peromyscus_leucopus,occupancy_descending,400,400,2.0,3,ok,400,600,0.6463338893658451
Peromyscus_leucopus,occupancy_descending,375,375,2.0,3,ok,375,625,0.6219781440860584
Peromyscus_leucopus,occupancy_descending,350,350,2.0,3,ok,350,650,0.5969289014764184
Peromyscus_leucopus,occupancy_descending,325,325,2.0,3,ok,325,675,0.5712205553005419
Peromyscus_leucopus,occupancy_descending,300,300,2.0,3,ok,300,700,0.5445991208424885
Peromyscus_leucopus,occupancy_descending,275,275,2.0,3,ok,275,725,0.5168889914822522
Peromyscus_leucopus,occupancy_descending,250,250,2.0,3,ok,250,750,0.48792018265734155
Peromyscus_leucopus,occupancy_descending,225,225,2.0,3,ok,225,775,0.4573279220478576
Peromyscus_leucopus,occupancy_descending,200,200,2.0,3,ok,200,800,0.42518529640148633
Peromyscus_leucopus,occupancy_descending,175,175,2.0,3,ok,175,825,0.3918097866131535
Peromyscus_leucopus,occupancy_descending,150,150,2.0,3,ok,150,850,0.3566907775768535
Peromyscus_leucopus,occupancy_descending,125,125,2.0,3,ok,125,875,0.31924489814816037
Peromyscus_leucopus,occupancy_descending,100,100,2.0,3,ok,100,900,0.2792598329785925
Peromyscus_leucopus,occupancy_descending,75,75,2.0,3,ok,75,925,0.236333439601244
Peromyscus_leucopus,occupancy_descending,50,50,2.0,3,ok,50,950,0.18831643849932073
Peromyscus_maniculatus,occupancy_descending,1000,1000,2.0,3,ok,1000,0,1.0
Peromyscus_maniculatus,occupancy_descending,975,975,2.0,3,ok,975,25,0.9979446996457082
Peromyscus_maniculatus,occupancy_descending,950,950,2.0,3,ok,950,50,0.9931521169190501
Peromyscus_maniculatus,occupancy_descending,925,925,2.0,3,ok,925,75,0.9862681394681416
Peromyscus_maniculatus,occupancy_descending,900,900,2.0,3,ok,900,100,0.9774029086644882
Peromyscus_maniculatus,occupancy_descending,875,875,2.0,3,ok,875,125,0.9673457132612857
Peromyscus_maniculatus,occupancy_descending,850,850,2.0,3,ok,850,150,0.9563596075149864
Peromyscus_maniculatus,occupancy_descending,825,825,2.0,3,ok,825,175,0.9444596779903461
Peromyscus_maniculatus,occupancy_descending,800,800,2.0,3,ok,800,200,0.9317459873517264
Peromyscus_maniculatus,occupancy_descending,775,775,2.0,3,ok,775,225,0.9179728041205786
Peromyscus_maniculatus,occupancy_descending,750,750,2.0,3,ok,750,250,0.9034297966394063
Peromyscus_maniculatus,occupancy_descending,725,725,2.0,3,ok,725,275,0.887883516853992
Peromyscus_maniculatus,occupancy_descending,700,700,2.0,3,ok,700,300,0.8716502156969312
Peromyscus_maniculatus,occupancy_descending,675,675,2.0,3,ok,675,325,0.854658743794981
Peromyscus_maniculatus,occupancy_descending,650,650,2.0,3,ok,650,350,0.8368095739150965
Peromyscus_maniculatus,occupancy_descending,625,625,2.0,3,ok,625,375,0.8182688157493909
Peromyscus_maniculatus,occupancy_descending,600,600,2.0,3,ok,600,400,0.7990367842574626
Peromyscus_maniculatus,occupancy_descending,575,575,2.0,3,ok,575,425,0.7790629284237935
Peromyscus_maniculatus,occupancy_descending,550,550,2.0,3,ok,550,450,0.75822066598585
Peromyscus_maniculatus,occupancy_descending,525,525,2.0,3,ok,525,475,0.7366825003155896
Peromyscus_maniculatus,occupancy_descending,500,500,2.0,3,ok,500,500,0.7143123688665712
Peromyscus_maniculatus,occupancy_descending,475,475,2.0,3,ok,475,525,0.690945264305276
Peromyscus_maniculatus,occupancy_descending,450,450,2.0,3,ok,450,550,0.6667841465968112
Peromyscus_maniculatus,occupancy_descending,425,425,2.0,3,ok,425,575,0.6419256453459176
Peromyscus_maniculatus,occupancy_descending,400,400,2.0,3,ok,400,600,0.6163843746779538
Peromyscus_maniculatus,occupancy_descending,375,375,2.0,3,ok,375,625,0.590018539781791
Peromyscus_maniculatus,occupancy_descending,350,350,2.0,3,ok,350,650,0.5628136840118697
Peromyscus_maniculatus,occupancy_descending,325,325,2.0,3,ok,325,675,0.5348682637386006
Peromyscus_maniculatus,occupancy_descending,300,300,2.0,3,ok,300,700,0.506135286989926
Peromyscus_maniculatus,occupancy_descending,275,275,2.0,3,ok,275,725,0.47656124213010453
Peromyscus_maniculatus,occupancy_descending,250,250,2.0,3,ok,250,750,0.445871389901589
Peromyscus_maniculatus,occupancy_descending,225,225,2.0,3,ok,225,775,0.4139418881903505
Peromyscus_maniculatus,occupancy_descending,200,200,2.0,3,ok,200,800,0.3804771474134384
Peromyscus_maniculatus,occupancy_descending,175,175,2.0,3,ok,175,825,0.34579700904286803
Peromyscus_maniculatus,occupancy_descending,150,150,2.0,3,ok,150,850,0.30957133242776147
Peromyscus_maniculatus,occupancy_descending,125,125,2.0,3,ok,125,875,0.27124232411963123
Peromyscus_maniculatus,occupancy_descending,100,100,2.0,3,ok,100,900,0.23084434621064548
Peromyscus_maniculatus,occupancy_descending,75,75,2.0,3,ok,75,925,0.18717283571732551
Peromyscus_maniculatus,occupancy_descending,50,50,2.0,3,ok,50,950,0.13854757767092668
Peromyscus_polionotus,occupancy_descending,1000,1000,2.0,3,ok,1000,0,1.0
Peromyscus_polionotus,occupancy_descending,975,975,2.0,3,ok,975,25,0.9993917810026098
Peromyscus_polionotus,occupancy_descending,950,950,2.0,3,ok,950,50,0.9971327628591263
Peromyscus_polionotus,occupancy_descending,925,925,2.0,3,ok,925,75,0.9926773720895228
Peromyscus_polionotus,occupancy_descending,900,900,2.0,3,ok,900,100,0.9857687904189965
Peromyscus_polionotus,occupancy_descending,875,875,2.0,3,ok,875,125,0.9773887477501235
Peromyscus_polionotus,occupancy_descending,850,850,2.0,3,ok,850,150,0.9672714494519179
Peromyscus_polionotus,occupancy_descending,825,825,2.0,3,ok,825,175,0.9553119194010143
Peromyscus_polionotus,occupancy_descending,800,800,2.0,3,ok,800,200,0.9419782509503836
Peromyscus_polionotus,occupancy_descending,775,775,2.0,3,ok,775,225,0.9274500657116517
Peromyscus_polionotus,occupancy_descending,750,750,2.0,3,ok,750,250,0.9119002766512976
Peromyscus_polionotus,occupancy_descending,725,725,2.0,3,ok,725,275,0.8953614821154607
Peromyscus_polionotus,occupancy_descending,700,700,2.0,3,ok,700,300,0.8782289252400868
Peromyscus_polionotus,occupancy_descending,675,675,2.0,3,ok,675,325,0.8605731885311648
Peromyscus_polionotus,occupancy_descending,650,650,2.0,3,ok,650,350,0.8419684147537658
Peromyscus_polionotus,occupancy_descending,625,625,2.0,3,ok,625,375,0.8226780363398803
Peromyscus_polionotus,occupancy_descending,600,600,2.0,3,ok,600,400,0.8026241007226533
Peromyscus_polionotus,occupancy_descending,575,575,2.0,3,ok,575,425,0.7819867019535103
Peromyscus_polionotus,occupancy_descending,550,550,2.0,3,ok,550,450,0.7605712893231723
Peromyscus_polionotus,occupancy_descending,525,525,2.0,3,ok,525,475,0.7384765082616965
Peromyscus_polionotus,occupancy_descending,500,500,2.0,3,ok,500,500,0.7158616654693467
Peromyscus_polionotus,occupancy_descending,475,475,2.0,3,ok,475,525,0.692739705796619
Peromyscus_polionotus,occupancy_descending,450,450,2.0,3,ok,450,550,0.6688339684971473
Peromyscus_polionotus,occupancy_descending,425,425,2.0,3,ok,425,575,0.644108170194359
Peromyscus_polionotus,occupancy_descending,400,400,2.0,3,ok,400,600,0.6187709403035464
Peromyscus_polionotus,occupancy_descending,375,375,2.0,3,ok,375,625,0.592718153092983
Peromyscus_polionotus,occupancy_descending,350,350,2.0,3,ok,350,650,0.5658178088827942
Peromyscus_polionotus,occupancy_descending,325,325,2.0,3,ok,325,675,0.538251230067883
Peromyscus_polionotus,occupancy_descending,300,300,2.0,3,ok,300,700,0.5096480238457375
Peromyscus_polionotus,occupancy_descending,275,275,2.0,3,ok,275,725,0.48015133947549166
Peromyscus_polionotus,occupancy_descending,250,250,2.0,3,ok,250,750,0.4498138067507679
Peromyscus_polionotus,occupancy_descending,225,225,2.0,3,ok,225,775,0.41833882796567706
Peromyscus_polionotus,occupancy_descending,200,200,2.0,3,ok,200,800,0.3858179619532891
Peromyscus_polionotus,occupancy_descending,175,175,2.0,3,ok,175,825,0.35166604477841107
Peromyscus_polionotus,occupancy_descending,150,150,2.0,3,ok,150,850,0.3158628560176405
Peromyscus_polionotus,occupancy_descending,125,125,2.0,3,ok,125,875,0.2781258766711022
Peromyscus_polionotus,occupancy_descending,100,100,2.0,3,ok,100,900,0.2376855023060259
Peromyscus_polionotus,occupancy_descending,75,75,2.0,3,ok,75,925,0.19368245941576773
Peromyscus_polionotus,occupancy_descending,50,50,2.0,3,ok,50,950,0.14338869162427542
