species,min_occupancy,min_outgoing,n_active_clusters,status,retained_occupancy_frames,retained_occupancy_fraction,retained_within_active_transitions,retained_within_active_transition_fraction,mean_transition_entropy_bits,stationary_weighted_transition_entropy_bits,pi_effective_clusters,frobenius_delta_from_previous_threshold,lambda_2_real,lambda_2_imag,lambda_2_abs,lambda_3_real,lambda_3_imag,lambda_3_abs,lambda_4_real,lambda_4_imag,lambda_4_abs,lambda_5_real,lambda_5_imag,lambda_5_abs,lambda_6_real,lambda_6_imag,lambda_6_abs,lambda_7_real,lambda_7_imag,lambda_7_abs,lambda_8_real,lambda_8_imag,lambda_8_abs,lambda_9_real,lambda_9_imag,lambda_9_abs,lambda_10_real,lambda_10_imag,lambda_10_abs,lambda_11_real,lambda_11_imag,lambda_11_abs,lambda_12_real,lambda_12_imag,lambda_12_abs,lambda_13_real,lambda_13_imag,lambda_13_abs
Mus_caroli,1,1,1196,ok,9288164,1.0,9286364,1.0,7.316472556038913,7.921234009384661,691.6698548699601,,0.7647085948294164,0.0,0.7647085948294164,0.6888059970580462,0.0,0.6888059970580462,0.6007803507720325,0.0,0.6007803507720325,0.5404680556882998,0.0,0.5404680556882998,0.48441399492844556,0.0,0.48441399492844556,0.4213184203390351,0.0,0.4213184203390351,0.3999494716405947,0.0,0.3999494716405947,0.3657055646256988,0.0030516208523367607,0.36571829649065635,0.3657055646256988,-0.0030516208523367607,0.36571829649065635,0.334675283669215,0.0,0.334675283669215,0.3254496318845266,0.0,0.3254496318845266,0.3127789672328709,0.0,0.3127789672328709
Mus_caroli,1,5,1196,ok,9288164,1.0,9286364,1.0,7.316472556038913,7.921234009384661,691.6698548699601,0.0,0.7647085948294164,0.0,0.7647085948294164,0.6888059970580462,0.0,0.6888059970580462,0.6007803507720325,0.0,0.6007803507720325,0.5404680556882998,0.0,0.5404680556882998,0.48441399492844556,0.0,0.48441399492844556,0.4213184203390351,0.0,0.4213184203390351,0.3999494716405947,0.0,0.3999494716405947,0.3657055646256988,0.0030516208523367607,0.36571829649065635,0.3657055646256988,-0.0030516208523367607,0.36571829649065635,0.334675283669215,0.0,0.334675283669215,0.3254496318845266,0.0,0.3254496318845266,0.3127789672328709,0.0,0.3127789672328709
Mus_caroli,1,10,1196,ok,9288164,1.0,9286364,1.0,7.316472556038913,7.921234009384661,691.6698548699601,0.0,0.7647085948294164,0.0,0.7647085948294164,0.6888059970580462,0.0,0.6888059970580462,0.6007803507720325,0.0,0.6007803507720325,0.5404680556882998,0.0,0.5404680556882998,0.48441399492844556,0.0,0.48441399492844556,0.4213184203390351,0.0,0.4213184203390351,0.3999494716405947,0.0,0.3999494716405947,0.3657055646256988,0.0030516208523367607,0.36571829649065635,0.3657055646256988,-0.0030516208523367607,0.36571829649065635,0.334675283669215,0.0,0.334675283669215,0.3254496318845266,0.0,0.3254496318845266,0.3127789672328709,0.0,0.3127789672328709
Mus_caroli,1,25,1194,ok,9288120,0.9999952627882109,9286276,0.9999905237399697,7.325732620861304,7.921240047852573,691.6692675715084,0.8274262547492981,0.7647172028314263,0.0,0.7647172028314263,0.6888105398823459,0.0,0.6888105398823459,0.6007787114192485,0.0,0.6007787114192485,0.5404726629028681,0.0,0.5404726629028681,0.4844034822299974,0.0,0.4844034822299974,0.4213254198351183,0.0,0.4213254198351183,0.3999551742826215,0.0,0.3999551742826215,0.36570601691418897,0.003047345867558526,0.3657187131171683,0.36570601691418897,-0.003047345867558526,0.3657187131171683,0.33471480621209043,0.0,0.33471480621209043,0.3254610276298846,0.0,0.3254610276298846,0.31279275393512945,0.0,0.31279275393512945
Mus_caroli,1,50,1191,ok,9287977,0.9999798668498963,9285991,0.9999598335796444,7.33870763527948,7.9213330322641955,691.6304538777797,0.9323347806930542,0.7644274865277186,0.0,0.7644274865277186,0.6887257774893676,0.0,0.6887257774893676,0.6006461293368366,0.0,0.6006461293368366,0.5404720232189634,0.0,0.5404720232189634,0.4846651881783464,0.0,0.4846651881783464,0.4213846068092791,0.0,0.4213846068092791,0.3999462700630581,0.0,0.3999462700630581,0.3656797911424475,0.0029240799498625814,0.36569148184437816,0.3656797911424475,-0.0029240799498625814,0.36569148184437816,0.3333292044033934,0.0,0.3333292044033934,0.3216285302197863,0.0,0.3216285302197863,0.3122844907348785,0.0,0.3122844907348785
Mus_caroli,1,100,1189,ok,9287818,0.9999627482891129,9285673,0.9999255898218076,7.345926870536206,7.921364934020545,691.6058926633953,0.5335098505020142,0.7644272695393394,0.0,0.7644272695393394,0.6887231320188989,0.0,0.6887231320188989,0.6006461875359413,0.0,0.6006461875359413,0.540479276292193,0.0,0.540479276292193,0.484666637786483,0.0,0.484666637786483,0.4213926972321322,0.0,0.4213926972321322,0.3999492540907534,0.0,0.3999492540907534,0.3656813061096772,0.0029339208960869343,0.3656930755837522,0.3656813061096772,-0.0029339208960869343,0.3656930755837522,0.3333374455237602,0.0,0.3333374455237602,0.32163026202740114,0.0,0.32163026202740114,0.31228907497260305,0.0,0.31228907497260305
Mus_caroli,1,250,1178,ok,9285741,0.9997391303598859,9281581,0.9994849437303986,7.381057733423526,7.921940881958651,691.2111249262439,1.226591944694519,0.7627204328067952,0.0,0.7627204328067952,0.6882550764376216,0.0,0.6882550764376216,0.5974390043095709,0.0,0.5974390043095709,0.5401363347900017,0.0,0.5401363347900017,0.4845919630747893,0.0,0.4845919630747893,0.4193322683826778,0.0,0.4193322683826778,0.39826498934947174,0.0,0.39826498934947174,0.3687807687763044,0.0,0.3687807687763044,0.3565145906555926,0.0,0.3565145906555926,0.332497104751624,0.0,0.332497104751624,0.31662067399503324,0.0,0.31662067399503324,0.3085325315434601,0.0,0.3085325315434601
Mus_caroli,1,500,1173,ok,9283737,0.9995233718956729,9277730,0.9990702496693,7.393911310736279,7.9225141024010615,690.7812165916794,0.6658743023872375,0.7621629272078317,0.0,0.7621629272078317,0.6882664399991594,0.0,0.6882664399991594,0.5956147289702904,0.0,0.5956147289702904,0.5402691110950703,0.0,0.5402691110950703,0.4874259430476721,0.0,0.4874259430476721,0.41970152748100115,0.0,0.41970152748100115,0.39968853218433675,0.0,0.39968853218433675,0.36826210972987977,0.0,0.36826210972987977,0.35866317383916313,0.0,0.35866317383916313,0.33286458810772057,0.0,0.33286458810772057,0.3152008792177159,0.0,0.3152008792177159,0.3052635184501731,0.0,0.3052635184501731
Mus_caroli,1,1000,1136,ok,9255604,0.9964944632760576,9225711,0.99346859545889,7.466113883410581,7.928269061257376,685.5590628609133,1.4906429052352905,0.7473999732529998,0.0,0.7473999732529998,0.6838818034337312,0.0,0.6838818034337312,0.6151681766083033,0.0,0.6151681766083033,0.544630869783492,0.0,0.544630869783492,0.5084187537503166,0.0,0.5084187537503166,0.4193346236849364,0.0,0.4193346236849364,0.39314458405148045,0.0,0.39314458405148045,0.3642245732016677,0.0,0.3642245732016677,0.3503525989743298,0.0,0.3503525989743298,0.3285706790827907,0.0,0.3285706790827907,0.30964732982294924,0.0,0.30964732982294924,0.30671445286760735,0.0,0.30671445286760735
Mus_musculus,1,1,1199,ok,85753527,1.0,85742367,1.0,8.059036044929021,8.101750036651653,971.0082568247864,,0.8834592112529994,0.0,0.8834592112529994,0.7770729429014279,0.0,0.7770729429014279,0.7644144944847787,0.0,0.7644144944847787,0.7269513162228621,0.0,0.7269513162228621,0.6391741025369994,0.0,0.6391741025369994,0.5710408669138196,0.0,0.5710408669138196,0.5547247980542758,0.0,0.5547247980542758,0.49802375583426656,0.0,0.49802375583426656,0.475871656545939,0.0,0.475871656545939,0.43719101045906583,0.0,0.43719101045906583,0.42522375210568153,0.0028122697466124265,0.4252330516504589,0.42522375210568153,-0.0028122697466124265,0.4252330516504589
Mus_musculus,1,5,1199,ok,85753527,1.0,85742367,1.0,8.059036044929021,8.101750036651653,971.0082568247864,0.0,0.8834592112529994,0.0,0.8834592112529994,0.7770729429014279,0.0,0.7770729429014279,0.7644144944847787,0.0,0.7644144944847787,0.7269513162228621,0.0,0.7269513162228621,0.6391741025369994,0.0,0.6391741025369994,0.5710408669138196,0.0,0.5710408669138196,0.5547247980542758,0.0,0.5547247980542758,0.49802375583426656,0.0,0.49802375583426656,0.475871656545939,0.0,0.475871656545939,0.43719101045906583,0.0,0.43719101045906583,0.42522375210568153,0.0028122697466124265,0.4252330516504589,0.42522375210568153,-0.0028122697466124265,0.4252330516504589
Mus_musculus,1,10,1199,ok,85753527,1.0,85742367,1.0,8.059036044929021,8.101750036651653,971.0082568247864,0.0,0.8834592112529994,0.0,0.8834592112529994,0.7770729429014279,0.0,0.7770729429014279,0.7644144944847787,0.0,0.7644144944847787,0.7269513162228621,0.0,0.7269513162228621,0.6391741025369994,0.0,0.6391741025369994,0.5710408669138196,0.0,0.5710408669138196,0.5547247980542758,0.0,0.5547247980542758,0.49802375583426656,0.0,0.49802375583426656,0.475871656545939,0.0,0.475871656545939,0.43719101045906583,0.0,0.43719101045906583,0.42522375210568153,0.0028122697466124265,0.4252330516504589,0.42522375210568153,-0.0028122697466124265,0.4252330516504589
Mus_musculus,1,25,1199,ok,85753527,1.0,85742367,1.0,8.059036044929021,8.101750036651653,971.0082568247864,0.0,0.8834592112529994,0.0,0.8834592112529994,0.7770729429014279,0.0,0.7770729429014279,0.7644144944847787,0.0,0.7644144944847787,0.7269513162228621,0.0,0.7269513162228621,0.6391741025369994,0.0,0.6391741025369994,0.5710408669138196,0.0,0.5710408669138196,0.5547247980542758,0.0,0.5547247980542758,0.49802375583426656,0.0,0.49802375583426656,0.475871656545939,0.0,0.475871656545939,0.43719101045906583,0.0,0.43719101045906583,0.42522375210568153,0.0028122697466124265,0.4252330516504589,0.42522375210568153,-0.0028122697466124265,0.4252330516504589
Mus_musculus,1,50,1198,ok,85753478,0.9999994285949312,85742269,0.9999988570411171,8.064580233318232,8.101751100807412,971.0066921907322,0.6469749212265015,0.8834591917507931,0.0,0.8834591917507931,0.7770729522139861,0.0,0.7770729522139861,0.7644144981688602,0.0,0.7644144981688602,0.7269515306481775,0.0,0.7269515306481775,0.6391741069747511,0.0,0.6391741069747511,0.5710409333392014,0.0,0.5710409333392014,0.5547247893427842,0.0,0.5547247893427842,0.4980240231771206,0.0,0.4980240231771206,0.47587193514256054,0.0,0.47587193514256054,0.43719100796110333,0.0,0.43719100796110333,0.42522377105384473,0.002812275363768916,0.42523307063535665,0.42522377105384473,-0.002812275363768916,0.42523307063535665
Mus_musculus,1,100,1197,ok,85753412,0.9999986589472873,85742137,0.999997317545479,8.069257268783314,8.101747928993126,971.0049493487046,0.44690579175949097,0.8834591725791092,0.0,0.8834591725791092,0.7770727377788091,0.0,0.7770727377788091,0.7644144976308628,0.0,0.7644144976308628,0.7269515502586517,0.0,0.7269515502586517,0.6391749033494541,0.0,0.6391749033494541,0.5710407956436194,0.0,0.5710407956436194,0.5547231743933073,0.0,0.5547231743933073,0.4980236352578344,0.0,0.4980236352578344,0.4758719455159921,0.0,0.4758719455159921,0.43719250002593363,0.0,0.43719250002593363,0.42522278014927856,0.00281073448986653,0.42523206956467224,0.42522278014927856,-0.00281073448986653,0.42523206956467224
Mus_musculus,1,250,1196,ok,85753224,0.9999964666176354,85741761,0.9999929323154795,8.07302427881279,8.101746216693558,971.0010203896488,0.3351575434207916,0.8834633543026894,0.0,0.8834633543026894,0.7770725660486194,0.0,0.7770725660486194,0.7644581478252587,0.0,0.7644581478252587,0.7269527680667988,0.0,0.7269527680667988,0.6391776949555075,0.0,0.6391776949555075,0.5710408866420763,0.0,0.5710408866420763,0.5547228283094168,0.0,0.5547228283094168,0.4980245162011888,0.0,0.4980245162011888,0.4758709288998456,0.0,0.4758709288998456,0.4371921094815188,0.0,0.4371921094815188,0.4252204502335044,0.0027959251045684614,0.42522964206881736,0.4252204502335044,-0.0027959251045684614,0.42522964206881736
Mus_musculus,1,500,1193,ok,85752014,0.9999823564108331,85739341,0.9999647082287803,8.0805664165055,8.101719729841829,970.9670604624471,0.35004353523254395,0.8834682983978567,0.0,0.8834682983978567,0.7770736622678854,0.0,0.7770736622678854,0.7646215439053299,0.0,0.7646215439053299,0.7269550732530009,0.0,0.7269550732530009,0.639181600381973,0.0,0.639181600381973,0.571043911714206,0.0,0.571043911714206,0.5547241609965746,0.0,0.5547241609965746,0.49802703609690163,0.0,0.49802703609690163,0.47587175845697344,0.0,0.47587175845697344,0.43719762583089955,0.0,0.43719762583089955,0.42522133581608057,0.002795200537458791,0.42523052286878066,0.42522133581608057,-0.002795200537458791,0.42523052286878066
Mus_musculus,1,1000,1188,ok,85748387,0.9999400607744099,85732101,0.9998802692255977,8.091073357776693,8.101650494344295,970.875924297775,0.4972620904445648,0.8834693973310899,0.0,0.8834693973310899,0.7770748021822391,0.0,0.7770748021822391,0.7652853323028005,0.0,0.7652853323028005,0.7269776640105851,0.0,0.7269776640105851,0.6391827528149642,0.0,0.6391827528149642,0.5710652979101835,0.0,0.5710652979101835,0.5547268085474067,0.0,0.5547268085474067,0.4980262113034294,0.0,0.4980262113034294,0.47587015457040427,0.0,0.47587015457040427,0.437198133492259,0.0,0.437198133492259,0.425223797142795,0.0027927587251099645,0.42523296809846906,0.425223797142795,-0.0027927587251099645,0.42523296809846906
Mus_spretus,1,1,1183,ok,9720168,1.0,9718248,1.0,6.28722556696264,6.240164974914549,241.5102205074718,,0.9083008480240862,0.0,0.9083008480240862,0.8105784196590355,0.0,0.8105784196590355,0.6997092704888956,0.0,0.6997092704888956,0.6882070588088114,0.0,0.6882070588088114,0.654103986703172,0.0,0.654103986703172,0.5487228702623574,0.0,0.5487228702623574,0.5367804010342527,0.0,0.5367804010342527,0.49860244827691924,0.0,0.49860244827691924,0.46772566098332075,0.0,0.46772566098332075,0.4407189275254358,0.0,0.4407189275254358,0.43481325517685193,0.0,0.43481325517685193,0.41368878770583467,0.0,0.41368878770583467
Mus_spretus,1,5,1181,ok,9720163,0.9999994856055986,9718238,0.999998971007943,6.29786802625618,6.240166550497881,241.50971761173932,1.414214015007019,0.9083007123532298,0.0,0.9083007123532298,0.8105783702587088,0.0,0.8105783702587088,0.6997092347608274,0.0,0.6997092347608274,0.6882071266163585,0.0,0.6882071266163585,0.6541042199773636,0.0,0.6541042199773636,0.5487224937759216,0.0,0.5487224937759216,0.5367803571843912,0.0,0.5367803571843912,0.49859629472454225,0.0,0.49859629472454225,0.4677256473685316,0.0,0.4677256473685316,0.44071807091221354,0.0,0.44071807091221354,0.4348130160724845,0.0,0.4348130160724845,0.41368974813055776,0.0,0.41368974813055776
Mus_spretus,1,10,1181,ok,9720163,0.9999994856055986,9718238,0.999998971007943,6.29786802625618,6.240166550497881,241.50971761173932,0.0,0.9083007123532298,0.0,0.9083007123532298,0.8105783702587088,0.0,0.8105783702587088,0.6997092347608274,0.0,0.6997092347608274,0.6882071266163585,0.0,0.6882071266163585,0.6541042199773636,0.0,0.6541042199773636,0.5487224937759216,0.0,0.5487224937759216,0.5367803571843912,0.0,0.5367803571843912,0.49859629472454225,0.0,0.49859629472454225,0.4677256473685316,0.0,0.4677256473685316,0.44071807091221354,0.0,0.44071807091221354,0.4348130160724845,0.0,0.4348130160724845,0.41368974813055776,0.0,0.41368974813055776
Mus_spretus,1,25,1172,ok,9720048,0.9999876545343661,9718008,0.9999753041906319,6.342145571033985,6.240213552074522,241.50989977985276,2.6207239627838135,0.9083014250922106,0.0,0.9083014250922106,0.8105774380058788,0.0,0.8105774380058788,0.6997007396975538,0.0,0.6997007396975538,0.6881901536605667,0.0,0.6881901536605667,0.6540944937394011,0.0,0.6540944937394011,0.5487338078587827,0.0,0.5487338078587827,0.53678062493946,0.0,0.53678062493946,0.49858337239880396,0.0,0.49858337239880396,0.46772964377875653,0.0,0.46772964377875653,0.4407070102159031,0.0,0.4407070102159031,0.43480980387470775,0.0,0.43480980387470775,0.4136694023247378,0.0,0.4136694023247378
Mus_spretus,1,50,1155,ok,9719417,0.9999227379609077,9716746,0.9998454453930379,6.405325769314836,6.240294456311631,241.48275258327863,2.3406643867492676,0.9083046341676767,0.0,0.9083046341676767,0.8105803814774356,0.0,0.8105803814774356,0.6997037387831059,0.0,0.6997037387831059,0.6881973331384323,0.0,0.6881973331384323,0.6541002314479196,0.0,0.6541002314479196,0.5487512336528368,0.0,0.5487512336528368,0.5367748035578894,0.0,0.5367748035578894,0.49817247066516146,0.0,0.49817247066516146,0.46773611516359814,0.0,0.46773611516359814,0.4405611129538264,0.0,0.4405611129538264,0.43485087906832376,0.0,0.43485087906832376,0.41364385494102424,0.0,0.41364385494102424
Mus_spretus,1,100,1138,ok,9718096,0.9997868349600542,9714133,0.9995765697685426,6.458303170933061,6.240374411959129,241.43549501318697,1.7948354482650757,0.9083043103415024,0.0,0.9083043103415024,0.8105756350419188,0.0,0.8105756350419188,0.699685226958487,0.0,0.699685226958487,0.688111642124856,0.0,0.688111642124856,0.6540484577529178,0.0,0.6540484577529178,0.5488169645126458,0.0,0.5488169645126458,0.5367696698387756,0.0,0.5367696698387756,0.4980158078763329,0.0,0.4980158078763329,0.4677034812929,0.0,0.4677034812929,0.44043958376498027,0.0,0.44043958376498027,0.43495526001752144,0.0,0.43495526001752144,0.41354338433682136,0.0,0.41354338433682136
Mus_spretus,1,250,1081,ok,9708683,0.9988184360599529,9695798,0.9976899128320249,6.599813610435404,6.2394825902577695,240.5934811398404,2.461334228515625,0.9082237877853223,0.0,0.9082237877853223,0.81055295605433,0.0,0.81055295605433,0.6996364022702941,0.0,0.6996364022702941,0.6873463352993598,0.0,0.6873463352993598,0.6536740056346977,0.0,0.6536740056346977,0.5491463561281696,0.0,0.5491463561281696,0.536730611219941,0.0,0.536730611219941,0.4955766725688127,0.0,0.4955766725688127,0.4677713741277104,0.0,0.4677713741277104,0.43896004584123954,0.0,0.43896004584123954,0.4345313024739185,0.0,0.4345313024739185,0.40805181697416987,0.0,0.40805181697416987
Mus_spretus,1,500,1029,ok,9689350,0.9968294786674469,9658391,0.9938407622443881,6.680829917171652,6.236561752099458,239.23804866304047,1.666949987411499,0.9079949916871383,0.0,0.9079949916871383,0.8104621150478005,0.0,0.8104621150478005,0.6994943871342096,0.0,0.6994943871342096,0.6863097963468494,0.0,0.6863097963468494,0.6533145581910712,0.0,0.6533145581910712,0.5492684814706585,0.0,0.5492684814706585,0.5367128942262231,0.0,0.5367128942262231,0.4928222155357734,0.0,0.4928222155357734,0.46777601264530594,0.0,0.46777601264530594,0.4377806655316667,0.0,0.4377806655316667,0.43388632845247477,0.0,0.43388632845247477,0.3982260026349477,0.0036060268767818776,0.3982423289963604
Mus_spretus,1,1000,945,ok,9628031,0.9905210486073903,9544434,0.9821146774603817,6.767458712706001,6.2260872136869665,234.99240547555914,1.819286584854126,0.9069426669456776,0.0,0.9069426669456776,0.8100096528576569,0.0,0.8100096528576569,0.6989734466324121,0.0,0.6989734466324121,0.6820305788184228,0.0,0.6820305788184228,0.6509467993768087,0.0,0.6509467993768087,0.5504956591824903,0.0,0.5504956591824903,0.536591560935759,0.0,0.536591560935759,0.481136406802522,0.0,0.481136406802522,0.4677199947039637,0.0,0.4677199947039637,0.43757259790771735,0.0,0.43757259790771735,0.43215950117454477,0.0,0.43215950117454477,0.39226812804359523,0.0,0.39226812804359523
Peromyscus_californicus,1,1,1180,ok,5183604,1.0,5180844,1.0,6.681337656306347,7.2183122998726335,761.2905443019255,,0.8906925107291058,0.0,0.8906925107291058,0.7484303964716273,0.0,0.7484303964716273,0.661968022822486,0.0,0.661968022822486,0.6060028004729818,0.0,0.6060028004729818,0.5800522195979043,0.0,0.5800522195979043,0.5560470355539386,0.0,0.5560470355539386,0.5116020558231545,0.0,0.5116020558231545,0.47381625256999405,0.0,0.47381625256999405,0.45992139011945643,0.0,0.45992139011945643,0.422384761582057,0.007959363527211414,0.422459747531631,0.422384761582057,-0.007959363527211414,0.422459747531631,0.38924695260266967,0.0,0.38924695260266967
Peromyscus_californicus,1,5,1178,ok,5183596,0.9999984566722304,5180828,0.9999969117001014,6.6919842219128425,7.218317085477645,761.2865252003899,1.274755597114563,0.8906925084769135,0.0,0.8906925084769135,0.7484303297564334,0.0,0.7484303297564334,0.6619669889574897,0.0,0.6619669889574897,0.6060028245720888,0.0,0.6060028245720888,0.5800517817600341,0.0,0.5800517817600341,0.5560469685290659,0.0,0.5560469685290659,0.5116021021358168,0.0,0.5116021021358168,0.47381634605356776,0.0,0.47381634605356776,0.4599214887508539,0.0,0.4599214887508539,0.4223845580423503,0.007958804686928198,0.42245953349957227,0.4223845580423503,-0.007958804686928198,0.42245953349957227,0.38925301918238414,0.0,0.38925301918238414
Peromyscus_californicus,1,10,1172,ok,5183557,0.9999909329493534,5180750,0.9999818562380955,6.722244646101172,7.2183426463557705,761.2695205593136,1.9645661115646362,0.8906926726012002,0.0,0.8906926726012002,0.7484305089235097,0.0,0.7484305089235097,0.6619681436595609,0.0,0.6619681436595609,0.6060027237080051,0.0,0.6060027237080051,0.5800491204175832,0.0,0.5800491204175832,0.5560468473009987,0.0,0.5560468473009987,0.5116021702528537,0.0,0.5116021702528537,0.4738191463581032,0.0,0.4738191463581032,0.45991958961586143,0.0,0.45991958961586143,0.4223853206139073,0.00795573306331967,0.4224602380800921,0.4223853206139073,-0.00795573306331967,0.4224602380800921,0.38924552918024674,0.0,0.38924552918024674
Peromyscus_californicus,1,25,1167,ok,5183481,0.9999762713355418,5180598,0.9999525173890587,6.746532367059406,7.218368790838287,761.2419113855401,1.6691827774047852,0.8906918368106863,0.0,0.8906918368106863,0.7484300489133586,0.0,0.7484300489133586,0.6619646578565849,0.0,0.6619646578565849,0.6060025309042532,0.0,0.6060025309042532,0.5800537374785341,0.0,0.5800537374785341,0.5560470674172835,0.0,0.5560470674172835,0.511602501141841,0.0,0.511602501141841,0.4738418622035988,0.0,0.4738418622035988,0.4599177527235143,0.0,0.4599177527235143,0.42238513963121965,0.007958791494633922,0.4224601147366932,0.42238513963121965,-0.007958791494633922,0.4224601147366932,0.38923916102024564,0.0,0.38923916102024564
Peromyscus_californicus,1,50,1161,ok,5183243,0.9999303573343952,5180122,0.9998606404670745,6.771724512110026,7.218461846565739,761.1700635644117,1.389307975769043,0.8906910817687715,0.0,0.8906910817687715,0.7484304405406588,0.0,0.7484304405406588,0.6619627873438098,0.0,0.6619627873438098,0.6060036862548164,0.0,0.6060036862548164,0.5800388862704375,0.0,0.5800388862704375,0.5560475155930851,0.0,0.5560475155930851,0.511602696062824,0.0,0.511602696062824,0.4738537878499649,0.0,0.4738537878499649,0.4599151949875762,0.0,0.4599151949875762,0.42238427684914054,0.007957776558923888,0.4224592329883834,0.42238427684914054,-0.007957776558923888,0.4224592329883834,0.3892674808863863,0.0,0.3892674808863863
Peromyscus_californicus,1,100,1154,ok,5182729,0.999831198525196,5179098,0.9996629892735623,6.796349307745508,7.218534617264012,761.0291621322345,1.243759274482727,0.8906885784585267,0.0,0.8906885784585267,0.7484296017578823,0.0,0.7484296017578823,0.6619608005281401,0.0,0.6619608005281401,0.6060036329052487,0.0,0.6060036329052487,0.5800417398086792,0.0,0.5800417398086792,0.5560477038037587,0.0,0.5560477038037587,0.511603910671525,0.0,0.511603910671525,0.4739184737560117,0.0,0.4739184737560117,0.45989953494943686,0.0,0.45989953494943686,0.42238617294426983,0.007948616110753969,0.42246095629369435,0.42238617294426983,-0.007948616110753969,0.42246095629369435,0.3893349357899295,0.0,0.3893349357899295
Peromyscus_californicus,1,250,1140,ok,5180317,0.9993658852026505,5174288,0.9987345691165378,6.830509858856365,7.218956508855633,760.3802132500522,1.1170599460601807,0.8905595694118674,0.0,0.8905595694118674,0.7484121394517291,0.0,0.7484121394517291,0.6619564052262941,0.0,0.6619564052262941,0.6061791692375431,0.0,0.6061791692375431,0.5800477688197828,0.0,0.5800477688197828,0.5561119311088393,0.0,0.5561119311088393,0.5123377323433669,0.0,0.5123377323433669,0.47368952117879376,0.0,0.47368952117879376,0.4636421446416711,0.0,0.4636421446416711,0.42000320530806423,0.009331544027838723,0.4201068556724485,0.42000320530806423,-0.009331544027838723,0.4201068556724485,0.3912626989794604,0.014309778101202536,0.3915242896194277
Peromyscus_californicus,1,500,1117,ok,5171981,0.9977577376666891,5157823,0.9955565155021073,6.866904772476855,7.2188057364508245,757.6922230105939,1.0290510654449463,0.8906993138893079,0.0,0.8906993138893079,0.7486846896433786,0.0,0.7486846896433786,0.6619570702492527,0.0,0.6619570702492527,0.6062555615773813,0.0,0.6062555615773813,0.5801334282146665,0.0,0.5801334282146665,0.5562957072949567,0.0,0.5562957072949567,0.5117206981978958,0.0,0.5117206981978958,0.47363581152713546,0.0,0.47363581152713546,0.46377355955329364,0.0,0.46377355955329364,0.4199547932746524,0.009791660250316914,0.420068928873362,0.4199547932746524,-0.009791660250316914,0.420068928873362,0.3916472365947431,0.014305844664312952,0.3919084269620368
Peromyscus_californicus,1,1000,1077,ok,5141673,0.9919108404114203,5099927,0.9843815023189272,6.917018207927241,7.219101543989877,748.0097558891051,1.42377507686615,0.8893702719055051,0.0,0.8893702719055051,0.7536586093636545,0.0,0.7536586093636545,0.6600531426740217,0.0,0.6600531426740217,0.5951754824931955,0.0,0.5951754824931955,0.5837239886470735,0.0,0.5837239886470735,0.5641920081080264,0.0,0.5641920081080264,0.5023524523361022,0.0,0.5023524523361022,0.4744763439063464,0.0,0.4744763439063464,0.4322671117313698,0.013704891361103966,0.4324843117753524,0.4322671117313698,-0.013704891361103966,0.4324843117753524,0.4009627822586498,-0.015860273899680213,0.40127634000121454,0.4009627822586498,0.015860273899680213,0.40127634000121454
Peromyscus_gossypinus,1,1,1198,ok,4319660,1.0,4317260,1.0,6.666684276168116,6.805410219318395,765.8729090523673,,0.9115120357263375,0.0,0.9115120357263375,0.8530334163641197,0.0,0.8530334163641197,0.7144718340040467,0.0,0.7144718340040467,0.6546693834192714,0.0,0.6546693834192714,0.6433569161345943,0.0,0.6433569161345943,0.5452244049885389,0.0,0.5452244049885389,0.5348975073877014,0.0012583194940982178,0.5348989874523276,0.5348975073877014,-0.0012583194940982178,0.5348989874523276,0.5051824468983542,0.0,0.5051824468983542,0.4831892898308886,0.0,0.4831892898308886,0.47658645999898214,0.0,0.47658645999898214,0.454069341691456,0.0,0.454069341691456
Peromyscus_gossypinus,1,5,1198,ok,4319660,1.0,4317260,1.0,6.666684276168116,6.805410219318395,765.8729090523673,0.0,0.9115120357263375,0.0,0.9115120357263375,0.8530334163641197,0.0,0.8530334163641197,0.7144718340040467,0.0,0.7144718340040467,0.6546693834192714,0.0,0.6546693834192714,0.6433569161345943,0.0,0.6433569161345943,0.5452244049885389,0.0,0.5452244049885389,0.5348975073877014,0.0012583194940982178,0.5348989874523276,0.5348975073877014,-0.0012583194940982178,0.5348989874523276,0.5051824468983542,0.0,0.5051824468983542,0.4831892898308886,0.0,0.4831892898308886,0.47658645999898214,0.0,0.47658645999898214,0.454069341691456,0.0,0.454069341691456
Peromyscus_gossypinus,1,10,1197,ok,4319651,0.9999979165026878,4317242,0.9999958306889092,6.671418582727846,6.805395009133294,765.8671994178791,0.7114615440368652,0.9115131248011266,0.0,0.9115131248011266,0.8530371067016025,0.0,0.8530371067016025,0.714472274089044,0.0,0.714472274089044,0.6546690897296178,0.0,0.6546690897296178,0.6433571105979589,0.0,0.6433571105979589,0.5452232010426239,0.0,0.5452232010426239,0.5348985779142131,0.0012564663779056158,0.5349000536197452,0.5348985779142131,-0.0012564663779056158,0.5349000536197452,0.5051812725726356,0.0,0.5051812725726356,0.48318965479828696,0.0,0.48318965479828696,0.4765864490261122,0.0,0.4765864490261122,0.45407040417968775,0.0,0.45407040417968775
Peromyscus_gossypinus,1,25,1196,ok,4319630,0.9999930550089591,4317200,0.9999861022963639,6.675112501369701,6.805397808132525,765.8590048171316,0.47382205724716187,0.9115131751261113,0.0,0.9115131751261113,0.8530372541356003,0.0,0.8530372541356003,0.7144696163764036,0.0,0.7144696163764036,0.6546705912825018,0.0,0.6546705912825018,0.643357049181085,0.0,0.643357049181085,0.545223507101047,0.0,0.545223507101047,0.5348964563858163,-0.0012502589247393346,0.5348979175520151,0.5348964563858163,0.0012502589247393346,0.5348979175520151,0.5051825239145359,0.0,0.5051825239145359,0.48319416207939336,0.0,0.48319416207939336,0.4765853783789725,0.0,0.4765853783789725,0.45407002902562854,0.0,0.45407002902562854
Peromyscus_gossypinus,1,50,1193,ok,4319508,0.9999648120453924,4316956,0.9999295849682438,6.687009335839186,6.805430874210432,765.794593734253,0.9799367785453796,0.9115124353931352,0.0,0.9115124353931352,0.8530371799651318,0.0,0.8530371799651318,0.7144670314034521,0.0,0.7144670314034521,0.6546684679505884,0.0,0.6546684679505884,0.6433569957927259,0.0,0.6433569957927259,0.5452169577771563,0.0,0.5452169577771563,0.5348616487519327,0.0010149144172947482,0.5348626116648182,0.5348616487519327,-0.0010149144172947482,0.5348626116648182,0.5051821815067236,0.0,0.5051821815067236,0.48317502194398115,0.0,0.48317502194398115,0.4765792355247252,0.0,0.4765792355247252,0.4539436487696973,0.0,0.4539436487696973
Peromyscus_gossypinus,1,100,1192,ok,4319439,0.9999488385659983,4316818,0.9998976202498807,6.690085879474171,6.805457738633059,765.7607324591539,0.39362311363220215,0.9115116417165022,0.0,0.9115116417165022,0.8530364939543755,0.0,0.8530364939543755,0.7144694883727613,0.0,0.7144694883727613,0.6546670685504785,0.0,0.6546670685504785,0.6433569969698268,0.0,0.6433569969698268,0.5452179145397281,0.0,0.5452179145397281,0.5348606092839381,0.0010229954497670405,0.534861587593721,0.5348606092839381,-0.0010229954497670405,0.534861587593721,0.5051816983169907,0.0,0.5051816983169907,0.483174977744611,0.0,0.483174977744611,0.4765802623113834,0.0,0.4765802623113834,0.45394340660527205,0.0,0.45394340660527205
Peromyscus_gossypinus,1,250,1185,ok,4318150,0.9996504354509382,4314267,0.9993067362169524,6.706898528631081,6.805891297089943,765.3509377254283,0.8509810566902161,0.9115198417624005,0.0,0.9115198417624005,0.8530297781896345,0.0,0.8530297781896345,0.714353984637318,0.0,0.714353984637318,0.654611391263341,0.0,0.654611391263341,0.6435367866580302,0.0,0.6435367866580302,0.5457543059907868,0.0,0.5457543059907868,0.5352001456408755,0.0,0.5352001456408755,0.5338762835517078,0.0,0.5338762835517078,0.5052482398565113,0.0,0.5052482398565113,0.4832570615236923,0.0,0.4832570615236923,0.47654861245104047,0.0,0.47654861245104047,0.4535154209876401,0.0,0.4535154209876401
Peromyscus_gossypinus,1,500,1171,ok,4312870,0.998428117027729,4303749,0.9968704687695437,6.728400848177548,6.806259206319352,763.1923321037366,0.8794119954109192,0.911518137639313,0.0,0.911518137639313,0.8529136529750386,0.0,0.8529136529750386,0.7138244049597179,0.0,0.7138244049597179,0.6545934635796358,0.0,0.6545934635796358,0.6434853728780372,0.0,0.6434853728780372,0.5461420218609983,0.0,0.5461420218609983,0.5341566182255918,-0.001800851619771367,0.5341596539057935,0.5341566182255918,0.001800851619771367,0.5341596539057935,0.5054442924681594,0.0,0.5054442924681594,0.4832194180807844,0.0,0.4832194180807844,0.4768047034035167,0.0,0.4768047034035167,0.45350765479833194,0.0,0.45350765479833194
Peromyscus_gossypinus,1,1000,1113,ok,4267686,0.9879680345212355,4215346,0.9763938238605041,6.759591842435006,6.795315513569147,744.5352100074775,1.4246028661727905,0.9115184142351481,0.0,0.9115184142351481,0.8530172585393797,0.0,0.8530172585393797,0.7124117310622531,0.0,0.7124117310622531,0.6569427887568692,0.0,0.6569427887568692,0.6404099476850043,0.0,0.6404099476850043,0.5402022173868593,0.0016619846939956065,0.5402047740096366,0.5402022173868593,-0.0016619846939956065,0.5402047740096366,0.5295969250557325,0.0,0.5295969250557325,0.5053586822589314,0.0,0.5053586822589314,0.48665370007300585,0.0,0.48665370007300585,0.47219838113290163,0.0,0.47219838113290163,0.45398289396274166,0.0,0.45398289396274166
Peromyscus_leucopus,1,1,1198,ok,3023762,1.0,3022082,1.0,6.34400947441932,6.489055751910001,463.8547351917629,,0.9468660550923513,0.0,0.9468660550923513,0.8580657221832904,0.0,0.8580657221832904,0.6878714491343116,0.0,0.6878714491343116,0.6406339453790818,0.0,0.6406339453790818,0.5653546793604087,0.0,0.5653546793604087,0.5416604068689058,0.0,0.5416604068689058,0.4739157344965652,0.0,0.4739157344965652,0.45739146078762555,0.007600274511434177,0.4574546016536364,0.45739146078762555,-0.007600274511434177,0.4574546016536364,0.4260195758952895,0.0,0.4260195758952895,0.41499927039272183,0.0,0.41499927039272183,0.37926456926224184,0.0,0.37926456926224184
Peromyscus_leucopus,1,5,1198,ok,3023762,1.0,3022082,1.0,6.34400947441932,6.489055751910001,463.8547351917629,0.0,0.9468660550923513,0.0,0.9468660550923513,0.8580657221832904,0.0,0.8580657221832904,0.6878714491343116,0.0,0.6878714491343116,0.6406339453790818,0.0,0.6406339453790818,0.5653546793604087,0.0,0.5653546793604087,0.5416604068689058,0.0,0.5416604068689058,0.4739157344965652,0.0,0.4739157344965652,0.45739146078762555,0.007600274511434177,0.4574546016536364,0.45739146078762555,-0.007600274511434177,0.4574546016536364,0.4260195758952895,0.0,0.4260195758952895,0.41499927039272183,0.0,0.41499927039272183,0.37926456926224184,0.0,0.37926456926224184
Peromyscus_leucopus,1,10,1198,ok,3023762,1.0,3022082,1.0,6.34400947441932,6.489055751910001,463.8547351917629,0.0,0.9468660550923513,0.0,0.9468660550923513,0.8580657221832904,0.0,0.8580657221832904,0.6878714491343116,0.0,0.6878714491343116,0.6406339453790818,0.0,0.6406339453790818,0.5653546793604087,0.0,0.5653546793604087,0.5416604068689058,0.0,0.5416604068689058,0.4739157344965652,0.0,0.4739157344965652,0.45739146078762555,0.007600274511434177,0.4574546016536364,0.45739146078762555,-0.007600274511434177,0.4574546016536364,0.4260195758952895,0.0,0.4260195758952895,0.41499927039272183,0.0,0.41499927039272183,0.37926456926224184,0.0,0.37926456926224184
Peromyscus_leucopus,1,25,1197,ok,3023744,0.9999940471505363,3022046,0.9999880876825976,6.348200862821402,6.489029141878463,463.79188438561596,0.6804299354553223,0.9468698602076132,0.0,0.9468698602076132,0.8580558006804982,0.0,0.8580558006804982,0.6878732387625764,0.0,0.6878732387625764,0.6406139084238681,0.0,0.6406139084238681,0.5653558010108516,0.0,0.5653558010108516,0.5416068423591033,0.0,0.5416068423591033,0.47404674265345415,0.0,0.47404674265345415,0.4572363091534461,-0.007515297415726377,0.45729806702359077,0.4572363091534461,0.007515297415726377,0.45729806702359077,0.4258526451683524,0.0,0.4258526451683524,0.41491234326126747,0.0,0.41491234326126747,0.3792628926345756,0.0,0.3792628926345756
Peromyscus_leucopus,1,50,1197,ok,3023744,0.9999940471505363,3022046,0.9999880876825976,6.348200862821402,6.489029141878463,463.79188438561596,0.0,0.9468698602076132,0.0,0.9468698602076132,0.8580558006804982,0.0,0.8580558006804982,0.6878732387625764,0.0,0.6878732387625764,0.6406139084238681,0.0,0.6406139084238681,0.5653558010108516,0.0,0.5653558010108516,0.5416068423591033,0.0,0.5416068423591033,0.47404674265345415,0.0,0.47404674265345415,0.4572363091534461,-0.007515297415726377,0.45729806702359077,0.4572363091534461,0.007515297415726377,0.45729806702359077,0.4258526451683524,0.0,0.4258526451683524,0.41491234326126747,0.0,0.41491234326126747,0.3792628926345756,0.0,0.3792628926345756
Peromyscus_leucopus,1,100,1197,ok,3023744,0.9999940471505363,3022046,0.9999880876825976,6.348200862821402,6.489029141878463,463.79188438561596,0.0,0.9468698602076132,0.0,0.9468698602076132,0.8580558006804982,0.0,0.8580558006804982,0.6878732387625764,0.0,0.6878732387625764,0.6406139084238681,0.0,0.6406139084238681,0.5653558010108516,0.0,0.5653558010108516,0.5416068423591033,0.0,0.5416068423591033,0.47404674265345415,0.0,0.47404674265345415,0.4572363091534461,-0.007515297415726377,0.45729806702359077,0.4572363091534461,0.007515297415726377,0.45729806702359077,0.4258526451683524,0.0,0.4258526451683524,0.41491234326126747,0.0,0.41491234326126747,0.3792628926345756,0.0,0.3792628926345756
Peromyscus_leucopus,1,250,1190,ok,3022454,0.9995674262723058,3019540,0.9991588580323102,6.363091251611634,6.489104240736749,462.8875428077586,0.8915761113166809,0.9468872931136746,0.0,0.9468872931136746,0.8579147700878957,0.0,0.8579147700878957,0.6875127125122477,0.0,0.6875127125122477,0.6407138357502649,0.0,0.6407138357502649,0.565301173799859,0.0,0.565301173799859,0.5415627766064608,0.0,0.5415627766064608,0.47410333433380947,0.0,0.47410333433380947,0.4570036789296808,-0.0069670100900437164,0.45705678179506054,0.4570036789296808,0.0069670100900437164,0.45705678179506054,0.4257206696607931,0.0,0.4257206696607931,0.415465644074356,0.0,0.415465644074356,0.3788942863598514,0.0,0.3788942863598514
Peromyscus_leucopus,1,500,1158,ok,3010513,0.9956183720808714,2996062,0.9913900416997289,6.407147111667127,6.488786519908826,457.0216021320428,1.4937506914138794,0.9470178569616208,0.0,0.9470178569616208,0.8575021531296776,0.0,0.8575021531296776,0.6864454261956623,0.0,0.6864454261956623,0.6409107863047324,0.0,0.6409107863047324,0.5636743873087623,0.0,0.5636743873087623,0.5419441254555668,0.0,0.5419441254555668,0.4735571321131485,0.0,0.4735571321131485,0.4562458090600057,-0.006534676588467948,0.45629260380038494,0.4562458090600057,0.006534676588467948,0.45629260380038494,0.42460033648320433,0.0,0.42460033648320433,0.4156635039520144,0.0,0.4156635039520144,0.37811579428954933,0.0,0.37811579428954933
Peromyscus_leucopus,1,1000,998,ok,2886305,0.9545410650705974,2762604,0.9141393251407474,6.466529415772375,6.43783097073755,403.1192363315844,2.402095317840576,0.9474128058322552,0.0,0.9474128058322552,0.8585705064792508,0.0,0.8585705064792508,0.6762014080993388,0.0,0.6762014080993388,0.6433096524876203,0.0,0.6433096524876203,0.5565700891173473,0.0,0.5565700891173473,0.5399425898209408,0.0,0.5399425898209408,0.46998427079382116,0.0035184013988775235,0.46999744035686347,0.46998427079382116,-0.0035184013988775235,0.46999744035686347,0.44677309644101865,0.0,0.44677309644101865,0.4219713311743371,0.0,0.4219713311743371,0.4148164093526823,0.0,0.4148164093526823,0.3780645119575686,0.0,0.3780645119575686
Peromyscus_maniculatus,1,1,1200,ok,31749717,1.0,31734237,1.0,7.927729355636995,7.947143982826589,881.0369027267095,,0.9280439692745951,0.0,0.9280439692745951,0.8675098668621292,0.0,0.8675098668621292,0.7128429292109467,0.0,0.7128429292109467,0.6887213342594071,0.0,0.6887213342594071,0.6539626626816369,0.0,0.6539626626816369,0.5888223706392253,0.0,0.5888223706392253,0.5852744498590412,0.0,0.5852744498590412,0.5344960706976888,0.0,0.5344960706976888,0.5282205520513311,0.0,0.5282205520513311,0.5107353862454523,0.0,0.5107353862454523,0.4652508740395053,0.0023287715926844934,0.46525670223184806,0.4652508740395053,-0.0023287715926844934,0.46525670223184806
Peromyscus_maniculatus,1,5,1200,ok,31749717,1.0,31734237,1.0,7.927729355636995,7.947143982826589,881.0369027267095,0.0,0.9280439692745951,0.0,0.9280439692745951,0.8675098668621292,0.0,0.8675098668621292,0.7128429292109467,0.0,0.7128429292109467,0.6887213342594071,0.0,0.6887213342594071,0.6539626626816369,0.0,0.6539626626816369,0.5888223706392253,0.0,0.5888223706392253,0.5852744498590412,0.0,0.5852744498590412,0.5344960706976888,0.0,0.5344960706976888,0.5282205520513311,0.0,0.5282205520513311,0.5107353862454523,0.0,0.5107353862454523,0.4652508740395053,0.0023287715926844934,0.46525670223184806,0.4652508740395053,-0.0023287715926844934,0.46525670223184806
Peromyscus_maniculatus,1,10,1200,ok,31749717,1.0,31734237,1.0,7.927729355636995,7.947143982826589,881.0369027267095,0.0,0.9280439692745951,0.0,0.9280439692745951,0.8675098668621292,0.0,0.8675098668621292,0.7128429292109467,0.0,0.7128429292109467,0.6887213342594071,0.0,0.6887213342594071,0.6539626626816369,0.0,0.6539626626816369,0.5888223706392253,0.0,0.5888223706392253,0.5852744498590412,0.0,0.5852744498590412,0.5344960706976888,0.0,0.5344960706976888,0.5282205520513311,0.0,0.5282205520513311,0.5107353862454523,0.0,0.5107353862454523,0.4652508740395053,0.0023287715926844934,0.46525670223184806,0.4652508740395053,-0.0023287715926844934,0.46525670223184806
Peromyscus_maniculatus,1,25,1200,ok,31749717,1.0,31734237,1.0,7.927729355636995,7.947143982826589,881.0369027267095,0.0,0.9280439692745951,0.0,0.9280439692745951,0.8675098668621292,0.0,0.8675098668621292,0.7128429292109467,0.0,0.7128429292109467,0.6887213342594071,0.0,0.6887213342594071,0.6539626626816369,0.0,0.6539626626816369,0.5888223706392253,0.0,0.5888223706392253,0.5852744498590412,0.0,0.5852744498590412,0.5344960706976888,0.0,0.5344960706976888,0.5282205520513311,0.0,0.5282205520513311,0.5107353862454523,0.0,0.5107353862454523,0.4652508740395053,0.0023287715926844934,0.46525670223184806,0.4652508740395053,-0.0023287715926844934,0.46525670223184806
Peromyscus_maniculatus,1,50,1200,ok,31749717,1.0,31734237,1.0,7.927729355636995,7.947143982826589,881.0369027267095,0.0,0.9280439692745951,0.0,0.9280439692745951,0.8675098668621292,0.0,0.8675098668621292,0.7128429292109467,0.0,0.7128429292109467,0.6887213342594071,0.0,0.6887213342594071,0.6539626626816369,0.0,0.6539626626816369,0.5888223706392253,0.0,0.5888223706392253,0.5852744498590412,0.0,0.5852744498590412,0.5344960706976888,0.0,0.5344960706976888,0.5282205520513311,0.0,0.5282205520513311,0.5107353862454523,0.0,0.5107353862454523,0.4652508740395053,0.0023287715926844934,0.46525670223184806,0.4652508740395053,-0.0023287715926844934,0.46525670223184806
Peromyscus_maniculatus,1,100,1200,ok,31749717,1.0,31734237,1.0,7.927729355636995,7.947143982826589,881.0369027267095,0.0,0.9280439692745951,0.0,0.9280439692745951,0.8675098668621292,0.0,0.8675098668621292,0.7128429292109467,0.0,0.7128429292109467,0.6887213342594071,0.0,0.6887213342594071,0.6539626626816369,0.0,0.6539626626816369,0.5888223706392253,0.0,0.5888223706392253,0.5852744498590412,0.0,0.5852744498590412,0.5344960706976888,0.0,0.5344960706976888,0.5282205520513311,0.0,0.5282205520513311,0.5107353862454523,0.0,0.5107353862454523,0.4652508740395053,0.0023287715926844934,0.46525670223184806,0.4652508740395053,-0.0023287715926844934,0.46525670223184806
Peromyscus_maniculatus,1,250,1199,ok,31749590,0.9999959999643462,31733990,0.9999922166082014,7.932071427418552,7.947134150733651,881.0241844670617,0.4255795478820801,0.9280444080339205,0.0,0.9280444080339205,0.867508996718234,0.0,0.867508996718234,0.7128420795474758,0.0,0.7128420795474758,0.688721013443911,0.0,0.688721013443911,0.6539627351157518,0.0,0.6539627351157518,0.5888226685521321,0.0,0.5888226685521321,0.5852743200316356,0.0,0.5852743200316356,0.5344965389308914,0.0,0.5344965389308914,0.5282209116679785,0.0,0.5282209116679785,0.5107354060864946,0.0,0.5107354060864946,0.4652482073241925,0.0023281620695029736,0.46525403249944725,0.4652482073241925,-0.0023281620695029736,0.46525403249944725
Peromyscus_maniculatus,1,500,1197,ok,31748819,0.9999717162833294,31732448,0.9999436255549488,7.938381573559833,7.9471711149376665,880.9575459045834,0.39366987347602844,0.9280444935286791,0.0,0.9280444935286791,0.8675095681400578,0.0,0.8675095681400578,0.7128375492791058,0.0,0.7128375492791058,0.6887188475929826,0.0,0.6887188475929826,0.653948436137147,0.0,0.653948436137147,0.588822483931983,0.0,0.588822483931983,0.5852312019365922,0.0,0.5852312019365922,0.534496512869091,0.0,0.534496512869091,0.5282183074807842,0.0,0.5282183074807842,0.510735032737058,0.0,0.510735032737058,0.4652228069486631,0.0022850314694541573,0.4652284186010239,0.4652228069486631,-0.0022850314694541573,0.4652284186010239
Peromyscus_maniculatus,1,1000,1196,ok,31747917,0.9999433065812838,31730644,0.9998867784342822,7.940176038246016,7.947126322481219,880.8854453925087,0.16160906851291656,0.9280454866864459,0.0,0.9280454866864459,0.8675124342886256,0.0,0.8675124342886256,0.7128345252742564,0.0,0.7128345252742564,0.6887180491262913,0.0,0.6887180491262913,0.6539378296404301,0.0,0.6539378296404301,0.5888224905910265,0.0,0.5888224905910265,0.5852108098799086,0.0,0.5852108098799086,0.534496403430323,0.0,0.534496403430323,0.5282151093939602,0.0,0.5282151093939602,0.5107370032285385,0.0,0.5107370032285385,0.46521373145932754,0.0022850106766325443,0.465219343119032,0.46521373145932754,-0.0022850106766325443,0.465219343119032
Peromyscus_polionotus,1,1,1198,ok,10583227,1.0,10577947,1.0,7.392111937254008,7.510496711707972,912.7834857668727,,0.8834350990410814,0.0,0.8834350990410814,0.7253487241126172,0.0,0.7253487241126172,0.6866862076656757,0.0,0.6866862076656757,0.5849210353672738,0.0,0.5849210353672738,0.5599466467160195,0.0,0.5599466467160195,0.5127758365242557,0.0,0.5127758365242557,0.4938453486656907,0.0,0.4938453486656907,0.4677618491348939,0.0,0.4677618491348939,0.45595949939847746,0.0,0.45595949939847746,0.44518123247677244,0.0,0.44518123247677244,0.40013155771016207,0.0,0.40013155771016207,0.37838212468073756,0.0,0.37838212468073756
Peromyscus_polionotus,1,5,1198,ok,10583227,1.0,10577947,1.0,7.392111937254008,7.510496711707972,912.7834857668727,0.0,0.8834350990410814,0.0,0.8834350990410814,0.7253487241126172,0.0,0.7253487241126172,0.6866862076656757,0.0,0.6866862076656757,0.5849210353672738,0.0,0.5849210353672738,0.5599466467160195,0.0,0.5599466467160195,0.5127758365242557,0.0,0.5127758365242557,0.4938453486656907,0.0,0.4938453486656907,0.4677618491348939,0.0,0.4677618491348939,0.45595949939847746,0.0,0.45595949939847746,0.44518123247677244,0.0,0.44518123247677244,0.40013155771016207,0.0,0.40013155771016207,0.37838212468073756,0.0,0.37838212468073756
Peromyscus_polionotus,1,10,1198,ok,10583227,1.0,10577947,1.0,7.392111937254008,7.510496711707972,912.7834857668727,0.0,0.8834350990410814,0.0,0.8834350990410814,0.7253487241126172,0.0,0.7253487241126172,0.6866862076656757,0.0,0.6866862076656757,0.5849210353672738,0.0,0.5849210353672738,0.5599466467160195,0.0,0.5599466467160195,0.5127758365242557,0.0,0.5127758365242557,0.4938453486656907,0.0,0.4938453486656907,0.4677618491348939,0.0,0.4677618491348939,0.45595949939847746,0.0,0.45595949939847746,0.44518123247677244,0.0,0.44518123247677244,0.40013155771016207,0.0,0.40013155771016207,0.37838212468073756,0.0,0.37838212468073756
Peromyscus_polionotus,1,25,1198,ok,10583227,1.0,10577947,1.0,7.392111937254008,7.510496711707972,912.7834857668727,0.0,0.8834350990410814,0.0,0.8834350990410814,0.7253487241126172,0.0,0.7253487241126172,0.6866862076656757,0.0,0.6866862076656757,0.5849210353672738,0.0,0.5849210353672738,0.5599466467160195,0.0,0.5599466467160195,0.5127758365242557,0.0,0.5127758365242557,0.4938453486656907,0.0,0.4938453486656907,0.4677618491348939,0.0,0.4677618491348939,0.45595949939847746,0.0,0.45595949939847746,0.44518123247677244,0.0,0.44518123247677244,0.40013155771016207,0.0,0.40013155771016207,0.37838212468073756,0.0,0.37838212468073756
Peromyscus_polionotus,1,50,1197,ok,10583200,0.999997448793265,10577893,0.9999948950396519,7.397014665273906,7.5104727005855185,912.7756393227679,0.6074674129486084,0.8834434147634069,0.0,0.8834434147634069,0.7254067411127185,0.0,0.7254067411127185,0.6866846959872106,0.0,0.6866846959872106,0.5849218683489881,0.0,0.5849218683489881,0.5599458063109678,0.0,0.5599458063109678,0.5127824305772991,0.0,0.5127824305772991,0.4939178620148629,0.0,0.4939178620148629,0.46776605730984566,0.0,0.46776605730984566,0.455958857640908,0.0,0.455958857640908,0.44520539608174314,0.0,0.44520539608174314,0.40013684023291374,0.0,0.40013684023291374,0.3783911979516288,0.0,0.3783911979516288
Peromyscus_polionotus,1,100,1195,ok,10583058,0.999984031335622,10577609,0.9999680467296725,7.405417128190767,7.510541391643004,912.7758479570062,0.7120888829231262,0.8834451593328184,0.0,0.8834451593328184,0.7254051158001507,0.0,0.7254051158001507,0.6866744849412234,0.0,0.6866744849412234,0.5849192503274678,0.0,0.5849192503274678,0.5599565835067853,0.0,0.5599565835067853,0.512815257768018,0.0,0.512815257768018,0.49391446695691804,0.0,0.49391446695691804,0.46776863553946685,0.0,0.46776863553946685,0.4559604702033422,0.0,0.4559604702033422,0.44519916465947257,0.0,0.44519916465947257,0.40013185187962286,0.0,0.40013185187962286,0.37839001119130034,0.0,0.37839001119130034
Peromyscus_polionotus,1,250,1189,ok,10581941,0.9998784869681053,10575441,0.999763092025324,7.425263560583156,7.5107932823376675,912.5539784604566,0.8412970900535583,0.8834161979103932,0.0,0.8834161979103932,0.7255274366425136,0.0,0.7255274366425136,0.6865925344794681,0.0,0.6865925344794681,0.5849413575055248,0.0,0.5849413575055248,0.5599323329839446,0.0,0.5599323329839446,0.5127881413151305,0.0,0.5127881413151305,0.49343497173216344,0.0,0.49343497173216344,0.46779236893400244,0.0,0.46779236893400244,0.4558976934491096,0.0,0.4558976934491096,0.445074191302163,0.0,0.445074191302163,0.40017260760272627,0.0,0.40017260760272627,0.3784292959160407,0.0,0.3784292959160407
Peromyscus_polionotus,1,500,1182,ok,10579290,0.9996279962623876,10570152,0.999263089520112,7.440368123816286,7.51057948236217,911.9475731859326,0.5765372514724731,0.8834749158860933,0.0,0.8834749158860933,0.7255389758327869,0.0,0.7255389758327869,0.6865491089490445,0.0,0.6865491089490445,0.5849900781168058,0.0,0.5849900781168058,0.5599638252893915,0.0,0.5599638252893915,0.5127814140151367,0.0,0.5127814140151367,0.4933202892044078,0.0,0.4933202892044078,0.46780171057164777,0.0,0.46780171057164777,0.4559232418991103,0.0,0.4559232418991103,0.4450050982895798,0.0,0.4450050982895798,0.40018974932556056,0.0,0.40018974932556056,0.3784794549269002,0.0,0.3784794549269002
Peromyscus_polionotus,1,1000,1169,ok,10569506,0.9987035145329491,10551089,0.9974609439809067,7.46334870574275,7.511044101843055,910.388995625281,0.8443804383277893,0.8832340347948536,0.0,0.8832340347948536,0.722281386919995,0.0,0.722281386919995,0.6860110513346553,0.0,0.6860110513346553,0.5848911895253146,0.0,0.5848911895253146,0.5537767454409048,0.0,0.5537767454409048,0.4929511007090407,0.006813891657585968,0.492998191487328,0.4929511007090407,-0.006813891657585968,0.492998191487328,0.45999057398555143,0.0,0.45999057398555143,0.45267999951456284,0.0,0.45267999951456284,0.43653975802096395,0.0,0.43653975802096395,0.40032399918567063,0.0,0.40032399918567063,0.37932550149843525,0.0,0.37932550149843525
