aligned_arm,species,moseq_cluster,moseq_label,soft_frames,expected_soft_frames,log2_enrichment_vs_arm_expected,standardized_residual,q_value
1,Mus_caroli,11,start_moving,492767.3680830353,56099.423659042826,3.134848867002506,1843.6229765982428,0.0
1,Mus_caroli,27,stop_rear_start_walking,106786.12143173932,34252.65860133999,1.6404362821326044,391.9144431123786,0.0
1,Mus_caroli,21,leave_rear_turn_left_2,58465.45536939872,25784.20865795954,1.181096683731686,203.5268504275054,0.0
1,Mus_caroli,18,leave_rear_turn_right_2,62855.62150414124,28595.646424552735,1.1362462590753661,202.5989001931004,0.0
1,Mus_caroli,1,head_down,124591.8038573097,73979.88379340574,0.7520042258747645,186.07841197153286,0.0
1,Mus_caroli,39,paused_in_rear,27946.78815382296,18473.317286157406,0.5972395308145824,69.7006260914904,0.0
1,Mus_caroli,13,take_a_step,74294.43984105483,49335.93918240527,0.5906152712393024,112.3664841122747,0.0
1,Mus_caroli,29,mid_rear_3,34450.69699808892,24786.25783263655,0.4749926981106689,61.38626009315821,0.0
1,Mus_musculus,43,syllable_43,327415.77094901504,93747.351303991,1.804273980239811,763.1686437292173,0.0
1,Mus_musculus,32,slow_locomotion_2,898856.1453614241,324696.61088652303,1.468997916407638,1007.6128637603944,0.0
1,Mus_musculus,48,groom_11,140543.91672404608,64163.28666566698,1.1312010611013743,301.53653192832724,0.0
1,Mus_musculus,13,take_a_step,881824.3324859899,443807.1472313648,0.9905583848831969,657.4973458695191,0.0
1,Mus_musculus,47,groom_10,128229.019005309,64708.31477084128,0.9866997795159894,249.70961186938433,0.0
1,Mus_musculus,28,mid_rear_2,880205.8165136058,456077.2242233394,0.9485627791974469,628.0270628021933,0.0
1,Mus_musculus,49,syllable_49,18261.678820751527,9665.9625255161,0.9178340936907107,87.42980695636972,0.0
1,Mus_musculus,44,groom_7,181360.18103886803,99272.45744427768,0.8693923251489425,260.53365120383944,0.0
1,Mus_spretus,61,syllable_61,81309.50286929506,2615.441337616048,4.958297657037369,1538.7549703583359,0.0
1,Mus_spretus,49,syllable_49,5625.005985603138,1173.9445007211875,2.260490426151524,129.90917076517633,0.0
1,Mus_spretus,23,scrunch_idle,287388.2325246034,71490.1417712269,2.0071847716720614,807.4687481283657,0.0
1,Mus_spretus,31,groom_1,123381.59897416644,33530.888019286525,1.8795646516923281,490.6807158962508,0.0
1,Mus_spretus,47,groom_10,26770.61346026685,7858.914213213207,1.768248290577935,213.32869596554076,0.0
1,Mus_spretus,35,groom_2,112725.56549905668,40378.993555519526,1.4811378902919545,360.0312617074342,0.0
1,Mus_spretus,14,curve_spine,242292.49686559156,90777.8677660391,1.4163372220950594,502.88024843768704,0.0
1,Mus_spretus,48,groom_11,18534.390531859943,7792.719796969731,1.2500058282944684,121.6822707146913,0.0
1,Peromyscus_californicus,34,very_slow_locomotion,476897.42637922533,85168.14805988681,2.4852931125844075,1342.293325071749,0.0
1,Peromyscus_californicus,33,jump_1,157622.44993145586,52013.45778939877,1.5995161755503138,463.0661496190273,0.0
1,Peromyscus_californicus,3,step_to_stop,445719.9776032454,162124.97225157372,1.4590312978425601,704.3258376536402,0.0
1,Peromyscus_californicus,7,extend_rear,382131.29923803377,147429.42980473442,1.3740438859972663,611.2578589448344,0.0
1,Peromyscus_californicus,10,motionless_rear,288163.2208125308,116888.7015245353,1.3017507259719379,500.9639679263737,0.0
1,Peromyscus_californicus,2,sniff_floor,332366.3689324446,177135.85123731033,0.9079181733993199,368.8279897417425,0.0
1,Peromyscus_californicus,41,jump_2,99933.55836043984,56801.66710727415,0.8150359531681979,180.97473961041516,0.0
1,Peromyscus_californicus,5,enter_rear,157420.98236674207,109662.55717519589,0.5215568272140036,144.21844657905956,0.0
1,Peromyscus_gossypinus,94,94,111.81501810716615,6.981921316164441,4.001346063832851,39.6744522933335,0.0
1,Peromyscus_gossypinus,50,syllable_50,21094.6541675006,1318.0875816056828,4.000359295834211,544.7268238751651,0.0
1,Peromyscus_gossypinus,38,brief_fast,188546.63127948175,44022.778854161515,2.098599253803811,688.8121563258412,0.0
1,Peromyscus_gossypinus,26,still_2,311310.7864433368,100599.64240486066,1.6297303879566587,664.3382935223391,0.0
1,Peromyscus_gossypinus,45,idle_enter_groom,30316.164368471065,12094.072690933666,1.3257870784428731,165.695967792415,0.0
1,Peromyscus_gossypinus,22,stopping,206239.0394537543,86939.36668546381,1.2462359581836218,404.60478661209225,0.0
1,Peromyscus_gossypinus,10,motionless_rear,231818.79637069436,98602.27954678077,1.233304642736601,424.2429132754564,0.0
1,Peromyscus_gossypinus,7,extend_rear,226093.6165831103,124365.12392925832,0.8623382972651206,288.46511892398456,0.0
1,Peromyscus_leucopus,38,brief_fast,159199.97708117627,14782.110466495235,3.4289159629153483,1187.825661561427,0.0
1,Peromyscus_leucopus,27,stop_rear_start_walking,86293.90014614114,24418.31869517593,1.8212947152035945,395.96920739106105,0.0
1,Peromyscus_leucopus,26,still_2,83344.62511422843,33779.67192495832,1.3029338465061722,269.67891157554055,0.0
1,Peromyscus_leucopus,42,groom_6,28178.868972824253,14581.368330287632,0.9504875967758882,112.60558930534343,0.0
1,Peromyscus_leucopus,40,groom_5,26680.54282877791,15121.288574584381,0.8192069337727542,94.0016367749607,0.0
1,Peromyscus_leucopus,35,groom_2,45995.23836544856,26347.75467513976,0.8038044922861294,121.04173254990386,0.0
1,Peromyscus_leucopus,36,groom_3,35170.38044222658,22780.73199907069,0.6265468358411342,82.08714402959367,0.0
1,Peromyscus_leucopus,37,groom_4,33763.21372318824,22744.796989612405,0.5699156744942198,73.05974660600776,0.0
1,Peromyscus_maniculatus,52,syllable_52,331.2412957083356,151.41816692449285,1.129344236113439,14.613577854612554,2.6230073908846666e-48
1,Peromyscus_maniculatus,16,brief_walk,1695873.5159078166,863149.0525572323,0.9743469554847628,896.3103765106734,0.0
1,Peromyscus_maniculatus,17,slow_locomotion,1403838.317955165,773415.1093912524,0.8600619337688682,716.846001155229,0.0
1,Peromyscus_maniculatus,27,stop_rear_start_walking,808390.4855637279,486873.34707437846,0.7315058166067818,460.7826601640489,0.0
1,Peromyscus_maniculatus,20,enter_wall_rear,624379.7982503175,393658.35204303946,0.6654797723541853,367.72929594746535,0.0
1,Peromyscus_maniculatus,24,end_and_enter_rear,460762.6407787437,308973.6361590751,0.5765400036525534,273.0735278762841,0.0
1,Peromyscus_maniculatus,41,jump_2,460358.3215885583,320800.2785363441,0.5210818309716108,246.3981839548663,0.0
1,Peromyscus_maniculatus,25,syllable_25,375783.96567315975,268514.96063379466,0.48490103777502896,207.00937227127406,0.0
1,Peromyscus_polionotus,29,mid_rear_3,208419.05623592268,82925.33018908277,1.3296024359801446,435.79115306289475,0.0
1,Peromyscus_polionotus,38,brief_fast,135447.51789589325,69373.11859338915,0.9652853101486494,250.86357930480816,0.0
1,Peromyscus_polionotus,22,stopping,230244.8862728249,137003.05052266564,0.748961097763787,251.91016750933758,0.0
1,Peromyscus_polionotus,14,curve_spine,426715.9435438167,277985.96736662573,0.618263957437229,282.0895978258466,0.0
1,Peromyscus_polionotus,18,leave_rear_turn_right_2,142551.13247395118,95670.08613151591,0.5753396982951591,151.56859111254698,0.0
1,Peromyscus_polionotus,45,idle_enter_groom,28339.768442075012,19058.39569657013,0.572401289627713,67.2309185225812,0.0
1,Peromyscus_polionotus,30,syllable_30,91469.1419547562,65184.357979079614,0.48875930920998273,102.95150882443912,0.0
1,Peromyscus_polionotus,21,leave_rear_turn_left_2,115390.00738067758,86264.09162137173,0.4196862421785747,99.16640338971649,0.0
2,Mus_caroli,11,start_moving,201830.78507178448,28447.483353021624,2.82677331100555,1027.981604055637,0.0
2,Mus_caroli,27,stop_rear_start_walking,47086.23170146255,6968.541720685228,2.756376583083473,480.5791950734399,0.0
2,Mus_caroli,24,end_and_enter_rear,9708.436058581898,3557.713931644496,1.448288398042438,103.11945166275729,0.0
2,Mus_caroli,21,leave_rear_turn_left_2,24292.966618591752,8940.727121914744,1.4420746091090915,162.3623455909519,0.0
2,Mus_caroli,18,leave_rear_turn_right_2,26010.287316018595,10833.07749381966,1.2636391893361105,145.81963716963077,0.0
2,Mus_caroli,20,enter_wall_rear,8896.148529775162,3929.544700998615,1.1788187119866145,79.2297712862635,0.0
2,Mus_caroli,5,enter_rear,22064.384469461987,10673.390456149464,1.0477009726857576,110.25807986986615,0.0
2,Mus_caroli,29,mid_rear_3,14071.319417286611,6843.4500494625245,1.039961878941579,87.37209392057053,0.0
2,Mus_musculus,43,syllable_43,47784.57427455787,16678.704991009916,1.5185376894333273,240.8580572883182,0.0
2,Mus_musculus,32,slow_locomotion_2,142922.51536578868,54499.994187380726,1.390905228846874,378.76048652746266,0.0
2,Mus_musculus,28,mid_rear_2,143014.05969758256,70523.46070146108,1.0199818082667205,272.96997535198057,0.0
2,Mus_musculus,13,take_a_step,137036.75039420088,69035.2113198766,0.9891585462935796,258.81140647870365,0.0
2,Mus_musculus,34,very_slow_locomotion,60551.64863266521,31098.794870589234,0.9613075659084589,167.01504742279934,0.0
2,Mus_musculus,19,high_rear,82123.04258612041,42937.29883432056,0.9355556442410987,189.10836260847861,0.0
2,Mus_musculus,39,paused_in_rear,39984.817388203606,25133.205946223618,0.6698575885578492,93.6805934866292,0.0
2,Mus_musculus,3,step_to_stop,100026.47522472063,67064.90872909766,0.5767519178978563,127.28000227014915,0.0
2,Mus_spretus,61,syllable_61,44855.78651428012,4607.36663345125,3.283279797813813,592.9559735569858,0.0
2,Mus_spretus,23,scrunch_idle,144764.66597941614,53583.80449690134,1.4338405912316585,393.90085029391156,0.0
2,Mus_spretus,39,paused_in_rear,17997.533337252393,8332.676132034645,1.110947377914758,105.8773811747372,0.0
2,Mus_spretus,14,curve_spine,120805.15037272472,64693.04206209492,0.9009995040929237,220.61132351999157,0.0
2,Mus_spretus,31,groom_1,59855.44986503235,33702.32534501928,0.8286344753092221,142.4602323054578,0.0
2,Mus_spretus,36,groom_3,58474.955228447485,38192.82079503704,0.6145173754087147,103.78218008870947,0.0
2,Mus_spretus,49,syllable_49,1991.2571638916115,1352.266630511849,0.558299911880719,17.376538164523957,1.4979621632443623e-67
2,Mus_spretus,9,still,28871.00194503797,20351.82226908091,0.5044631991768901,59.71674497398632,0.0
2,Peromyscus_californicus,34,very_slow_locomotion,20273.028549578055,4553.432320879889,2.1545352802533784,232.95495030852797,0.0
2,Peromyscus_californicus,33,jump_1,6589.692366363901,1650.5367740264721,1.9972758337108873,121.57383176285191,0.0
2,Peromyscus_californicus,10,motionless_rear,9771.385668031737,3340.4002913443915,1.5485421674548283,111.27004549111017,0.0
2,Peromyscus_californicus,2,sniff_floor,35032.3445280569,11995.718362063977,1.5461679874319245,210.33219027506775,0.0
2,Peromyscus_californicus,7,extend_rear,12465.534505544412,4562.118371228899,1.4501689597943128,117.01231576277362,0.0
2,Peromyscus_californicus,42,groom_6,33355.93519572871,12726.394769577662,1.390119711078056,182.8676389717018,0.0
2,Peromyscus_californicus,3,step_to_stop,25394.57557263176,9819.529157791672,1.3707946072461763,157.17519851284794,0.0
2,Peromyscus_californicus,41,jump_2,5657.20111546405,2737.206722692553,1.047384064396067,55.81208133964848,0.0
2,Peromyscus_gossypinus,50,syllable_50,1130.6871806655276,60.12456437860106,4.233101497769943,138.0657964366054,0.0
2,Peromyscus_gossypinus,45,idle_enter_groom,7561.785868411635,1922.8852112764089,1.9754543542502967,128.59312896981567,0.0
2,Peromyscus_gossypinus,38,brief_fast,8047.188007543277,2087.3738636385942,1.9467957182902051,130.44654950407877,0.0
2,Peromyscus_gossypinus,26,still_2,109928.26998713272,31369.15598579001,1.8091438305322518,443.5526312214809,0.0
2,Peromyscus_gossypinus,17,slow_locomotion,9869.55684717295,4529.453633074285,1.1236482725332557,79.34631134835786,0.0
2,Peromyscus_gossypinus,2,sniff_floor,23420.30702595515,14060.255888506148,0.7361371379532512,78.93718032535111,0.0
2,Peromyscus_gossypinus,10,motionless_rear,6081.542030920581,3915.303898337068,0.6353128875824446,34.6197125925182,1.8372239614236063e-262
2,Peromyscus_gossypinus,22,stopping,9725.86574292874,6304.128787027938,0.6255296686626157,43.09571415468968,0.0
2,Peromyscus_leucopus,26,still_2,122642.56764587609,16132.235983496035,2.926441486732363,838.5799103351094,0.0
2,Peromyscus_leucopus,35,groom_2,47344.092276557734,17117.463022154097,1.4677155176844323,231.0308734408971,0.0
2,Peromyscus_leucopus,38,brief_fast,2643.2886947372804,1073.4750966603547,1.3000452790850436,47.91286048809054,0.0
2,Peromyscus_leucopus,40,groom_5,5692.363208541022,6195.080144861948,-0.12209522861492018,-6.387046119172406,1.813252289375079e-10
2,Peromyscus_leucopus,42,groom_6,6798.9467442200985,7671.213805737924,-0.17414360224770573,-9.959038915046467,2.547756529731638e-23
2,Peromyscus_leucopus,36,groom_3,8432.690075442995,10167.147995214484,-0.2698502054758146,-17.201415846537483,3.1064743899885637e-66
2,Peromyscus_leucopus,37,groom_4,7652.253354588898,9466.904508116588,-0.30700812991495824,-18.65044295379348,1.5277987746697558e-77
2,Peromyscus_leucopus,31,groom_1,6507.69908469874,8971.752345933177,-0.4632422546809972,-26.014258565008607,4.440692713989453e-149
2,Peromyscus_maniculatus,16,brief_walk,33256.837221413705,12669.076040953898,1.3923396603486722,182.90966332205943,0.0
2,Peromyscus_maniculatus,17,slow_locomotion,31571.596259763304,15373.404966233364,1.0381904705791147,130.6415997158985,0.0
2,Peromyscus_maniculatus,35,groom_2,226910.88090644917,112972.28556492334,1.00615689811062,338.98845180949,0.0
2,Peromyscus_maniculatus,33,jump_1,12200.281146978608,6566.234944801105,0.8937761174176874,69.52839353945667,0.0
2,Peromyscus_maniculatus,37,groom_4,115669.16111639809,62479.92696830254,0.8885396024361595,212.79111023808147,0.0
2,Peromyscus_maniculatus,40,groom_5,74037.57275724609,40886.45392819767,0.8566346550533963,163.94888490880635,0.0
2,Peromyscus_maniculatus,36,groom_3,119652.41659217227,67101.41247038987,0.8344344946686089,202.8687660990476,0.0
2,Peromyscus_maniculatus,26,still_2,177434.96318574462,106469.95807553377,0.7368439055243665,217.48569504838085,0.0
2,Peromyscus_polionotus,38,brief_fast,19767.63364518474,7760.563630643316,1.3489068377462234,136.29829118729046,0.0
2,Peromyscus_polionotus,46,syllable_46,55526.79203443714,23694.5718394834,1.2286274573647138,206.79617311174115,0.0
2,Peromyscus_polionotus,48,groom_11,46902.59845010706,20241.95706979283,1.2123190696321045,187.38910777887418,0.0
2,Peromyscus_polionotus,47,groom_10,46112.349226547805,20735.499941676804,1.153050335099747,176.23024498395972,0.0
2,Peromyscus_polionotus,29,mid_rear_3,31658.45516896088,16142.965523403325,0.9716852268432234,122.11635315856707,0.0
2,Peromyscus_polionotus,42,groom_6,104591.8354915261,55458.14993650918,0.915298843725836,208.6395576730944,0.0
2,Peromyscus_polionotus,16,brief_walk,26112.53929147863,13877.57925948251,0.9119868252784649,103.85937308257198,0.0
2,Peromyscus_polionotus,45,idle_enter_groom,13216.700781496913,7149.017862339819,0.8865451270396766,71.76285141102508,0.0
